run_name,datetime,hyperparameters,epoch,train_loss,test_loss,accuracy_top1
prod_42,2025-07-22 17:22:02,"{'device': 'xla', 'lr': 0.01, 'model': 'resnet18'}",1,9.6354,10.0307,0.0051
prod_42,2025-07-22 17:22:02,"{'device': 'xla', 'lr': 0.01, 'model': 'resnet18'}",2,8.3412,9.0981,0.0316
prod_42,2025-07-22 17:22:02,"{'device': 'xla', 'lr': 0.01, 'model': 'resnet18'}",3,5.6252,7.9530,0.0608
prod_42,2025-07-22 17:22:02,"{'device': 'xla', 'lr': 0.01, 'model': 'resnet18'}",4,3.7063,7.2106,0.0874
prod_42,2025-07-22 17:22:02,"{'device': 'xla', 'lr': 0.01, 'model': 'resnet18'}",5,2.8408,7.0034,0.0976
prod_42,2025-07-22 17:22:02,"{'device': 'xla', 'lr': 0.01, 'model': 'resnet18'}",6,4.2314,8.0103,0.0874
prod_42,2025-07-22 17:22:02,"{'device': 'xla', 'lr': 0.01, 'model': 'resnet18'}",7,2.7402,4.0968,0.3344
prod_42,2025-07-22 17:22:02,"{'device': 'xla', 'lr': 0.01, 'model': 'resnet18'}",8,1.2417,3.3796,0.4511
prod_42,2025-07-22 17:22:02,"{'device': 'xla', 'lr': 0.01, 'model': 'resnet18'}",9,0.6298,3.4342,0.4690
prod_42,2025-07-22 17:22:02,"{'device': 'xla', 'lr': 0.01, 'model': 'resnet18'}",10,0.3237,3.3772,0.5009
prod_42,2025-07-22 17:22:02,"{'device': 'xla', 'lr': 0.01, 'model': 'resnet18'}",11,0.1741,3.0418,0.5548
prod_42,2025-07-22 17:22:02,"{'device': 'xla', 'lr': 0.01, 'model': 'resnet18'}",12,0.1041,2.9535,0.5897
prod_42,2025-07-22 17:22:02,"{'device': 'xla', 'lr': 0.01, 'model': 'resnet18'}",13,0.0575,2.7315,0.6220
prod_42,2025-07-22 17:22:02,"{'device': 'xla', 'lr': 0.01, 'model': 'resnet18'}",14,0.0333,2.6591,0.6431
prod_42,2025-07-22 17:22:02,"{'device': 'xla', 'lr': 0.01, 'model': 'resnet18'}",15,0.0196,2.4314,0.6701
prod_42,2025-07-22 17:22:02,"{'device': 'xla', 'lr': 0.01, 'model': 'resnet18'}",16,0.0114,2.3851,0.6852
prod_42,2025-07-22 17:22:02,"{'device': 'xla', 'lr': 0.01, 'model': 'resnet18'}",17,0.0068,2.3100,0.6955
prod_42,2025-07-22 17:22:02,"{'device': 'xla', 'lr': 0.01, 'model': 'resnet18'}",18,0.0044,2.2648,0.6972
prod_42,2025-07-22 17:22:02,"{'device': 'xla', 'lr': 0.01, 'model': 'resnet18'}",19,0.0029,2.2383,0.7023
prod_42,2025-07-22 17:22:02,"{'device': 'xla', 'lr': 0.01, 'model': 'resnet18'}",20,0.0021,2.2157,0.7033
prod_42,2025-07-22 17:22:02,"{'device': 'xla', 'lr': 0.01, 'model': 'resnet18'}",21,0.0018,2.2185,0.7029
prod_42,2025-07-22 17:22:02,"{'device': 'xla', 'lr': 0.01, 'model': 'resnet18'}",22,0.0015,2.2172,0.7035
prod_42,2025-07-22 17:22:02,"{'device': 'xla', 'lr': 0.01, 'model': 'resnet18'}",23,0.0014,2.2183,0.7035
prod_42,2025-07-22 17:22:02,"{'device': 'xla', 'lr': 0.01, 'model': 'resnet18'}",24,0.0013,2.2181,0.7037
prod_42,2025-07-22 17:22:02,"{'device': 'xla', 'lr': 0.01, 'model': 'resnet18'}",25,0.0012,2.2172,0.7034
prod_42,2025-07-22 18:13:01,"{'device': 'xla', 'lr': 0.01, 'model': 'resnet18'}",1,9.6354,10.0307,0.0051
prod_42,2025-07-22 18:13:01,"{'device': 'xla', 'lr': 0.01, 'model': 'resnet18'}",2,8.3412,9.0981,0.0316
prod_42,2025-07-22 18:13:01,"{'device': 'xla', 'lr': 0.01, 'model': 'resnet18'}",3,5.6252,7.9530,0.0608
prod_42,2025-07-22 18:13:01,"{'device': 'xla', 'lr': 0.01, 'model': 'resnet18'}",4,3.7063,7.2106,0.0874
prod_42,2025-07-22 18:13:01,"{'device': 'xla', 'lr': 0.01, 'model': 'resnet18'}",5,2.8408,7.0034,0.0976
prod_42,2025-07-22 18:13:01,"{'device': 'xla', 'lr': 0.01, 'model': 'resnet18'}",6,4.2314,8.0103,0.0874
prod_42,2025-07-22 18:13:01,"{'device': 'xla', 'lr': 0.01, 'model': 'resnet18'}",7,2.7402,4.0968,0.3344
prod_42,2025-07-22 18:13:01,"{'device': 'xla', 'lr': 0.01, 'model': 'resnet18'}",8,1.2417,3.3796,0.4511
prod_42,2025-07-22 18:13:01,"{'device': 'xla', 'lr': 0.01, 'model': 'resnet18'}",9,0.6298,3.4342,0.4690
prod_42,2025-07-22 18:13:01,"{'device': 'xla', 'lr': 0.01, 'model': 'resnet18'}",10,0.3237,3.3772,0.5009
prod_42,2025-07-22 18:13:01,"{'device': 'xla', 'lr': 0.01, 'model': 'resnet18'}",11,0.1741,3.0418,0.5548
prod_42,2025-07-22 18:13:01,"{'device': 'xla', 'lr': 0.01, 'model': 'resnet18'}",12,0.1041,2.9535,0.5897
prod_42,2025-07-22 18:13:01,"{'device': 'xla', 'lr': 0.01, 'model': 'resnet18'}",13,0.0575,2.7315,0.6220
prod_42,2025-07-22 18:13:01,"{'device': 'xla', 'lr': 0.01, 'model': 'resnet18'}",14,0.0333,2.6591,0.6431
prod_42,2025-07-22 18:13:01,"{'device': 'xla', 'lr': 0.01, 'model': 'resnet18'}",15,0.0196,2.4314,0.6701
prod_42,2025-07-22 18:13:01,"{'device': 'xla', 'lr': 0.01, 'model': 'resnet18'}",16,0.0114,2.3851,0.6852
prod_42,2025-07-22 18:13:01,"{'device': 'xla', 'lr': 0.01, 'model': 'resnet18'}",17,0.0068,2.3100,0.6955
prod_42,2025-07-22 18:13:01,"{'device': 'xla', 'lr': 0.01, 'model': 'resnet18'}",18,0.0044,2.2648,0.6972
prod_42,2025-07-22 18:13:01,"{'device': 'xla', 'lr': 0.01, 'model': 'resnet18'}",19,0.0029,2.2383,0.7023
prod_42,2025-07-22 18:13:01,"{'device': 'xla', 'lr': 0.01, 'model': 'resnet18'}",20,0.0021,2.2157,0.7033
prod_42,2025-07-22 18:13:01,"{'device': 'xla', 'lr': 0.01, 'model': 'resnet18'}",21,0.0018,2.2185,0.7029
prod_42,2025-07-22 18:13:01,"{'device': 'xla', 'lr': 0.01, 'model': 'resnet18'}",22,0.0015,2.2172,0.7035
prod_42,2025-07-22 18:13:01,"{'device': 'xla', 'lr': 0.01, 'model': 'resnet18'}",23,0.0014,2.2183,0.7035
prod_42,2025-07-22 18:13:01,"{'device': 'xla', 'lr': 0.01, 'model': 'resnet18'}",24,0.0013,2.2181,0.7037
prod_42,2025-07-22 18:13:01,"{'device': 'xla', 'lr': 0.01, 'model': 'resnet18'}",25,0.0012,2.2172,0.7034
prod_0,2025-07-22 19:01:05,"{'device': 'xla', 'lr': 0.01, 'model': 'resnet18'}",1,9.6744,10.0693,0.0058
prod_0,2025-07-22 19:01:05,"{'device': 'xla', 'lr': 0.01, 'model': 'resnet18'}",2,8.4256,9.2233,0.0295
prod_0,2025-07-22 19:01:05,"{'device': 'xla', 'lr': 0.01, 'model': 'resnet18'}",3,5.7218,8.0150,0.0565
prod_0,2025-07-22 19:01:05,"{'device': 'xla', 'lr': 0.01, 'model': 'resnet18'}",4,3.7994,7.3164,0.0801
prod_0,2025-07-22 19:01:05,"{'device': 'xla', 'lr': 0.01, 'model': 'resnet18'}",5,2.9213,7.1048,0.0923
prod_0,2025-07-22 19:01:05,"{'device': 'xla', 'lr': 0.01, 'model': 'resnet18'}",6,4.2691,8.0903,0.1002
prod_0,2025-07-22 19:01:05,"{'device': 'xla', 'lr': 0.01, 'model': 'resnet18'}",7,2.7609,4.3211,0.3394
prod_0,2025-07-22 19:01:05,"{'device': 'xla', 'lr': 0.01, 'model': 'resnet18'}",8,1.2493,3.2966,0.4721
prod_0,2025-07-22 19:01:05,"{'device': 'xla', 'lr': 0.01, 'model': 'resnet18'}",9,0.6333,3.5234,0.4571
prod_0,2025-07-22 19:01:05,"{'device': 'xla', 'lr': 0.01, 'model': 'resnet18'}",10,0.3256,3.0810,0.5406
prod_0,2025-07-22 19:01:05,"{'device': 'xla', 'lr': 0.01, 'model': 'resnet18'}",11,0.1760,3.1147,0.5552
prod_0,2025-07-22 19:01:05,"{'device': 'xla', 'lr': 0.01, 'model': 'resnet18'}",12,0.0983,2.8400,0.5976
prod_0,2025-07-22 19:01:05,"{'device': 'xla', 'lr': 0.01, 'model': 'resnet18'}",13,0.0525,2.6899,0.6303
prod_0,2025-07-22 19:01:05,"{'device': 'xla', 'lr': 0.01, 'model': 'resnet18'}",14,0.0315,2.6377,0.6368
prod_0,2025-07-22 19:01:05,"{'device': 'xla', 'lr': 0.01, 'model': 'resnet18'}",15,0.0204,2.5647,0.6644
prod_0,2025-07-22 19:01:05,"{'device': 'xla', 'lr': 0.01, 'model': 'resnet18'}",16,0.0117,2.3969,0.6802
prod_0,2025-07-22 19:01:05,"{'device': 'xla', 'lr': 0.01, 'model': 'resnet18'}",17,0.0066,2.3426,0.6893
prod_0,2025-07-22 19:01:05,"{'device': 'xla', 'lr': 0.01, 'model': 'resnet18'}",18,0.0042,2.3103,0.6937
prod_0,2025-07-22 19:01:05,"{'device': 'xla', 'lr': 0.01, 'model': 'resnet18'}",19,0.0030,2.2817,0.6965
prod_0,2025-07-22 19:01:05,"{'device': 'xla', 'lr': 0.01, 'model': 'resnet18'}",20,0.0022,2.2679,0.6984
prod_0,2025-07-22 19:01:05,"{'device': 'xla', 'lr': 0.01, 'model': 'resnet18'}",21,0.0018,2.2664,0.6993
prod_0,2025-07-22 19:01:05,"{'device': 'xla', 'lr': 0.01, 'model': 'resnet18'}",22,0.0015,2.2654,0.6996
prod_0,2025-07-22 19:01:05,"{'device': 'xla', 'lr': 0.01, 'model': 'resnet18'}",23,0.0014,2.2638,0.6996
prod_0,2025-07-22 19:01:05,"{'device': 'xla', 'lr': 0.01, 'model': 'resnet18'}",24,0.0013,2.2659,0.6994
prod_0,2025-07-22 19:01:05,"{'device': 'xla', 'lr': 0.01, 'model': 'resnet18'}",25,0.0012,2.2641,0.6999
prod_1,2025-07-22 19:50:20,"{'device': 'xla', 'lr': 0.01, 'model': 'resnet18'}",1,9.7312,10.2369,0.0046
prod_1,2025-07-22 19:50:20,"{'device': 'xla', 'lr': 0.01, 'model': 'resnet18'}",2,8.5587,9.2820,0.0290
prod_1,2025-07-22 19:50:20,"{'device': 'xla', 'lr': 0.01, 'model': 'resnet18'}",3,5.8463,8.2856,0.0502
prod_1,2025-07-22 19:50:20,"{'device': 'xla', 'lr': 0.01, 'model': 'resnet18'}",4,3.8960,7.4864,0.0726
prod_1,2025-07-22 19:50:20,"{'device': 'xla', 'lr': 0.01, 'model': 'resnet18'}",5,2.9917,7.2494,0.0838
prod_1,2025-07-22 19:50:20,"{'device': 'xla', 'lr': 0.01, 'model': 'resnet18'}",6,4.3731,8.3528,0.0769
prod_1,2025-07-22 19:50:20,"{'device': 'xla', 'lr': 0.01, 'model': 'resnet18'}",7,2.8316,4.4315,0.3251
prod_1,2025-07-22 19:50:20,"{'device': 'xla', 'lr': 0.01, 'model': 'resnet18'}",8,1.2836,3.3050,0.4654
prod_1,2025-07-22 19:50:20,"{'device': 'xla', 'lr': 0.01, 'model': 'resnet18'}",9,0.6343,3.2373,0.5004
prod_1,2025-07-22 19:50:20,"{'device': 'xla', 'lr': 0.01, 'model': 'resnet18'}",10,0.3349,3.1006,0.5244
prod_1,2025-07-22 19:50:20,"{'device': 'xla', 'lr': 0.01, 'model': 'resnet18'}",11,0.1792,3.0429,0.5684
prod_1,2025-07-22 19:50:20,"{'device': 'xla', 'lr': 0.01, 'model': 'resnet18'}",12,0.1015,2.8801,0.5954
prod_1,2025-07-22 19:50:20,"{'device': 'xla', 'lr': 0.01, 'model': 'resnet18'}",13,0.0556,2.7626,0.6164
prod_1,2025-07-22 19:50:20,"{'device': 'xla', 'lr': 0.01, 'model': 'resnet18'}",14,0.0328,2.6431,0.6394
prod_1,2025-07-22 19:50:20,"{'device': 'xla', 'lr': 0.01, 'model': 'resnet18'}",15,0.0180,2.4908,0.6689
prod_1,2025-07-22 19:50:20,"{'device': 'xla', 'lr': 0.01, 'model': 'resnet18'}",16,0.0108,2.3514,0.6854
prod_1,2025-07-22 19:50:20,"{'device': 'xla', 'lr': 0.01, 'model': 'resnet18'}",17,0.0066,2.3313,0.6910
prod_1,2025-07-22 19:50:20,"{'device': 'xla', 'lr': 0.01, 'model': 'resnet18'}",18,0.0041,2.2913,0.6942
prod_1,2025-07-22 19:50:20,"{'device': 'xla', 'lr': 0.01, 'model': 'resnet18'}",19,0.0029,2.2623,0.6968
prod_1,2025-07-22 19:50:20,"{'device': 'xla', 'lr': 0.01, 'model': 'resnet18'}",20,0.0021,2.2461,0.6983
prod_1,2025-07-22 19:50:20,"{'device': 'xla', 'lr': 0.01, 'model': 'resnet18'}",21,0.0017,2.2468,0.6988
prod_1,2025-07-22 19:50:20,"{'device': 'xla', 'lr': 0.01, 'model': 'resnet18'}",22,0.0015,2.2465,0.6987
prod_1,2025-07-22 19:50:20,"{'device': 'xla', 'lr': 0.01, 'model': 'resnet18'}",23,0.0013,2.2463,0.6990
prod_1,2025-07-22 19:50:20,"{'device': 'xla', 'lr': 0.01, 'model': 'resnet18'}",24,0.0013,2.2469,0.6989
prod_1,2025-07-22 19:50:20,"{'device': 'xla', 'lr': 0.01, 'model': 'resnet18'}",25,0.0012,2.2476,0.6994
prod_2,2025-07-22 20:40:39,"{'device': 'xla', 'lr': 0.01, 'model': 'resnet18'}",1,9.7077,10.1203,0.0063
prod_2,2025-07-22 20:40:39,"{'device': 'xla', 'lr': 0.01, 'model': 'resnet18'}",2,8.5283,9.4594,0.0287
prod_2,2025-07-22 20:40:39,"{'device': 'xla', 'lr': 0.01, 'model': 'resnet18'}",3,5.8274,8.3076,0.0505
prod_2,2025-07-22 20:40:39,"{'device': 'xla', 'lr': 0.01, 'model': 'resnet18'}",4,3.9011,7.5314,0.0704
prod_2,2025-07-22 20:40:39,"{'device': 'xla', 'lr': 0.01, 'model': 'resnet18'}",5,2.9976,7.3122,0.0815
prod_2,2025-07-22 20:40:39,"{'device': 'xla', 'lr': 0.01, 'model': 'resnet18'}",6,4.4519,8.4573,0.0829
prod_2,2025-07-22 20:40:39,"{'device': 'xla', 'lr': 0.01, 'model': 'resnet18'}",7,2.9540,4.2961,0.3173
prod_2,2025-07-22 20:40:39,"{'device': 'xla', 'lr': 0.01, 'model': 'resnet18'}",8,1.3746,3.7879,0.4170
prod_2,2025-07-22 20:40:39,"{'device': 'xla', 'lr': 0.01, 'model': 'resnet18'}",9,0.6956,3.3897,0.4759
prod_2,2025-07-22 20:40:39,"{'device': 'xla', 'lr': 0.01, 'model': 'resnet18'}",10,0.3619,3.3453,0.5000
prod_2,2025-07-22 20:40:39,"{'device': 'xla', 'lr': 0.01, 'model': 'resnet18'}",11,0.1795,3.3807,0.5185
prod_2,2025-07-22 20:40:39,"{'device': 'xla', 'lr': 0.01, 'model': 'resnet18'}",12,0.1001,3.1346,0.5660
prod_2,2025-07-22 20:40:39,"{'device': 'xla', 'lr': 0.01, 'model': 'resnet18'}",13,0.0549,2.7912,0.6096
prod_2,2025-07-22 20:40:39,"{'device': 'xla', 'lr': 0.01, 'model': 'resnet18'}",14,0.0311,2.7862,0.6259
prod_2,2025-07-22 20:40:39,"{'device': 'xla', 'lr': 0.01, 'model': 'resnet18'}",15,0.0204,2.5704,0.6521
prod_2,2025-07-22 20:40:39,"{'device': 'xla', 'lr': 0.01, 'model': 'resnet18'}",16,0.0112,2.5611,0.6641
prod_2,2025-07-22 20:40:39,"{'device': 'xla', 'lr': 0.01, 'model': 'resnet18'}",17,0.0074,2.4464,0.6778
prod_2,2025-07-22 20:40:39,"{'device': 'xla', 'lr': 0.01, 'model': 'resnet18'}",18,0.0040,2.4098,0.6794
prod_2,2025-07-22 20:40:39,"{'device': 'xla', 'lr': 0.01, 'model': 'resnet18'}",19,0.0027,2.3864,0.6808
prod_2,2025-07-22 20:40:39,"{'device': 'xla', 'lr': 0.01, 'model': 'resnet18'}",20,0.0021,2.3828,0.6829
prod_2,2025-07-22 20:40:39,"{'device': 'xla', 'lr': 0.01, 'model': 'resnet18'}",21,0.0017,2.3807,0.6833
prod_2,2025-07-22 20:40:39,"{'device': 'xla', 'lr': 0.01, 'model': 'resnet18'}",22,0.0015,2.3773,0.6834
prod_2,2025-07-22 20:40:39,"{'device': 'xla', 'lr': 0.01, 'model': 'resnet18'}",23,0.0014,2.3782,0.6837
prod_2,2025-07-22 20:40:39,"{'device': 'xla', 'lr': 0.01, 'model': 'resnet18'}",24,0.0013,2.3796,0.6839
prod_2,2025-07-22 20:40:39,"{'device': 'xla', 'lr': 0.01, 'model': 'resnet18'}",25,0.0013,2.3772,0.6836
prod_3,2025-07-22 21:29:51,"{'device': 'xla', 'lr': 0.01, 'model': 'resnet18'}",1,9.6666,9.9308,0.0075
prod_3,2025-07-22 21:29:51,"{'device': 'xla', 'lr': 0.01, 'model': 'resnet18'}",2,8.3838,8.9746,0.0359
prod_3,2025-07-22 21:29:51,"{'device': 'xla', 'lr': 0.01, 'model': 'resnet18'}",3,5.6158,7.8906,0.0634
prod_3,2025-07-22 21:29:51,"{'device': 'xla', 'lr': 0.01, 'model': 'resnet18'}",4,3.6951,7.1638,0.0858
prod_3,2025-07-22 21:29:51,"{'device': 'xla', 'lr': 0.01, 'model': 'resnet18'}",5,2.8245,6.9454,0.0995
prod_3,2025-07-22 21:29:51,"{'device': 'xla', 'lr': 0.01, 'model': 'resnet18'}",6,4.1890,7.8131,0.1179
prod_3,2025-07-22 21:29:51,"{'device': 'xla', 'lr': 0.01, 'model': 'resnet18'}",7,2.6707,4.4267,0.3081
prod_3,2025-07-22 21:29:51,"{'device': 'xla', 'lr': 0.01, 'model': 'resnet18'}",8,1.1930,3.6017,0.4405
prod_3,2025-07-22 21:29:51,"{'device': 'xla', 'lr': 0.01, 'model': 'resnet18'}",9,0.6083,3.3779,0.4928
prod_3,2025-07-22 21:29:51,"{'device': 'xla', 'lr': 0.01, 'model': 'resnet18'}",10,0.3171,2.9566,0.5492
prod_3,2025-07-22 21:29:51,"{'device': 'xla', 'lr': 0.01, 'model': 'resnet18'}",11,0.1677,3.1715,0.5463
prod_3,2025-07-22 21:29:51,"{'device': 'xla', 'lr': 0.01, 'model': 'resnet18'}",12,0.1007,2.8299,0.5852
prod_3,2025-07-22 21:29:51,"{'device': 'xla', 'lr': 0.01, 'model': 'resnet18'}",13,0.0586,2.6398,0.6307
prod_3,2025-07-22 21:29:51,"{'device': 'xla', 'lr': 0.01, 'model': 'resnet18'}",14,0.0327,2.5710,0.6499
prod_3,2025-07-22 21:29:51,"{'device': 'xla', 'lr': 0.01, 'model': 'resnet18'}",15,0.0196,2.4044,0.6790
prod_3,2025-07-22 21:29:51,"{'device': 'xla', 'lr': 0.01, 'model': 'resnet18'}",16,0.0113,2.3940,0.6858
prod_3,2025-07-22 21:29:51,"{'device': 'xla', 'lr': 0.01, 'model': 'resnet18'}",17,0.0069,2.2401,0.7010
prod_3,2025-07-22 21:29:51,"{'device': 'xla', 'lr': 0.01, 'model': 'resnet18'}",18,0.0042,2.1780,0.7079
prod_3,2025-07-22 21:29:51,"{'device': 'xla', 'lr': 0.01, 'model': 'resnet18'}",19,0.0026,2.1701,0.7088
prod_3,2025-07-22 21:29:51,"{'device': 'xla', 'lr': 0.01, 'model': 'resnet18'}",20,0.0021,2.1645,0.7104
prod_3,2025-07-22 21:29:51,"{'device': 'xla', 'lr': 0.01, 'model': 'resnet18'}",21,0.0017,2.1637,0.7111
prod_3,2025-07-22 21:29:51,"{'device': 'xla', 'lr': 0.01, 'model': 'resnet18'}",22,0.0015,2.1608,0.7108
prod_3,2025-07-22 21:29:51,"{'device': 'xla', 'lr': 0.01, 'model': 'resnet18'}",23,0.0013,2.1592,0.7108
prod_3,2025-07-22 21:29:51,"{'device': 'xla', 'lr': 0.01, 'model': 'resnet18'}",24,0.0013,2.1589,0.7108
prod_3,2025-07-22 21:29:51,"{'device': 'xla', 'lr': 0.01, 'model': 'resnet18'}",25,0.0012,2.1593,0.7108
prod_3,2025-07-23 19:58:33,"{'device': 'xla', 'lr': 0.01, 'model': 'resnet18'}",1,9.6666,9.9308,0.0075
prod_3,2025-07-23 19:58:33,"{'device': 'xla', 'lr': 0.01, 'model': 'resnet18'}",2,8.3838,8.9746,0.0359
prod_3,2025-07-23 19:58:33,"{'device': 'xla', 'lr': 0.01, 'model': 'resnet18'}",3,5.6158,7.8906,0.0634
prod_3,2025-07-23 19:58:33,"{'device': 'xla', 'lr': 0.01, 'model': 'resnet18'}",4,3.6951,7.1638,0.0858
prod_3,2025-07-23 19:58:33,"{'device': 'xla', 'lr': 0.01, 'model': 'resnet18'}",5,2.8245,6.9454,0.0995
prod_3,2025-07-23 19:58:33,"{'device': 'xla', 'lr': 0.01, 'model': 'resnet18'}",6,4.1890,7.8131,0.1179
prod_3,2025-07-23 19:58:33,"{'device': 'xla', 'lr': 0.01, 'model': 'resnet18'}",7,2.6707,4.4267,0.3081
prod_3,2025-07-23 19:58:33,"{'device': 'xla', 'lr': 0.01, 'model': 'resnet18'}",8,1.1930,3.6017,0.4405
prod_3,2025-07-23 19:58:33,"{'device': 'xla', 'lr': 0.01, 'model': 'resnet18'}",9,0.6083,3.3779,0.4928
prod_3,2025-07-23 19:58:33,"{'device': 'xla', 'lr': 0.01, 'model': 'resnet18'}",10,0.3171,2.9566,0.5492
prod_3,2025-07-23 19:58:33,"{'device': 'xla', 'lr': 0.01, 'model': 'resnet18'}",11,0.1677,3.1715,0.5463
prod_3,2025-07-23 19:58:33,"{'device': 'xla', 'lr': 0.01, 'model': 'resnet18'}",12,0.1007,2.8299,0.5852
prod_3,2025-07-23 19:58:33,"{'device': 'xla', 'lr': 0.01, 'model': 'resnet18'}",13,0.0586,2.6398,0.6307
prod_3,2025-07-23 19:58:33,"{'device': 'xla', 'lr': 0.01, 'model': 'resnet18'}",14,0.0327,2.5710,0.6499
prod_3,2025-07-23 19:58:33,"{'device': 'xla', 'lr': 0.01, 'model': 'resnet18'}",15,0.0196,2.4044,0.6790
prod_3,2025-07-23 19:58:33,"{'device': 'xla', 'lr': 0.01, 'model': 'resnet18'}",16,0.0113,2.3940,0.6858
prod_3,2025-07-23 19:58:33,"{'device': 'xla', 'lr': 0.01, 'model': 'resnet18'}",17,0.0069,2.2401,0.7010
prod_3,2025-07-23 19:58:33,"{'device': 'xla', 'lr': 0.01, 'model': 'resnet18'}",18,0.0042,2.1780,0.7079
prod_3,2025-07-23 19:58:33,"{'device': 'xla', 'lr': 0.01, 'model': 'resnet18'}",19,0.0026,2.1701,0.7088
prod_3,2025-07-23 19:58:33,"{'device': 'xla', 'lr': 0.01, 'model': 'resnet18'}",20,0.0021,2.1645,0.7104
prod_3,2025-07-23 19:58:33,"{'device': 'xla', 'lr': 0.01, 'model': 'resnet18'}",21,0.0017,2.1637,0.7111
prod_3,2025-07-23 19:58:33,"{'device': 'xla', 'lr': 0.01, 'model': 'resnet18'}",22,0.0015,2.1608,0.7108
prod_3,2025-07-23 19:58:33,"{'device': 'xla', 'lr': 0.01, 'model': 'resnet18'}",23,0.0013,2.1592,0.7108
prod_3,2025-07-23 19:58:33,"{'device': 'xla', 'lr': 0.01, 'model': 'resnet18'}",24,0.0013,2.1589,0.7108
prod_3,2025-07-23 19:58:33,"{'device': 'xla', 'lr': 0.01, 'model': 'resnet18'}",25,0.0012,2.1593,0.7108
prod_4,2025-07-23 22:33:27,"{'device': 'xla', 'lr': 0.01, 'model': 'resnet18'}",1,9.7483,10.8513,0.0037
prod_4,2025-07-23 22:33:27,"{'device': 'xla', 'lr': 0.01, 'model': 'resnet18'}",2,8.6258,9.2509,0.0280
prod_4,2025-07-23 22:33:27,"{'device': 'xla', 'lr': 0.01, 'model': 'resnet18'}",3,5.8776,8.1382,0.0511
prod_4,2025-07-23 22:33:27,"{'device': 'xla', 'lr': 0.01, 'model': 'resnet18'}",4,3.9246,7.4070,0.0732
prod_4,2025-07-23 22:33:27,"{'device': 'xla', 'lr': 0.01, 'model': 'resnet18'}",5,3.0289,7.1813,0.0846
prod_4,2025-07-23 22:33:27,"{'device': 'xla', 'lr': 0.01, 'model': 'resnet18'}",6,4.3966,7.4556,0.1145
prod_4,2025-07-23 22:33:27,"{'device': 'xla', 'lr': 0.01, 'model': 'resnet18'}",7,2.8655,4.4950,0.2984
prod_4,2025-07-23 22:33:27,"{'device': 'xla', 'lr': 0.01, 'model': 'resnet18'}",8,1.3076,3.4753,0.4313
prod_4,2025-07-23 22:33:27,"{'device': 'xla', 'lr': 0.01, 'model': 'resnet18'}",9,0.6797,3.2970,0.4797
prod_4,2025-07-23 22:33:27,"{'device': 'xla', 'lr': 0.01, 'model': 'resnet18'}",10,0.3530,3.2787,0.5121
prod_4,2025-07-23 22:33:27,"{'device': 'xla', 'lr': 0.01, 'model': 'resnet18'}",11,0.1855,3.1434,0.5482
prod_4,2025-07-23 22:33:27,"{'device': 'xla', 'lr': 0.01, 'model': 'resnet18'}",12,0.1001,3.0607,0.5715
prod_4,2025-07-23 22:33:27,"{'device': 'xla', 'lr': 0.01, 'model': 'resnet18'}",13,0.0558,2.8336,0.6165
prod_4,2025-07-23 22:33:27,"{'device': 'xla', 'lr': 0.01, 'model': 'resnet18'}",14,0.0324,2.6263,0.6371
prod_4,2025-07-23 22:33:27,"{'device': 'xla', 'lr': 0.01, 'model': 'resnet18'}",15,0.0191,2.5435,0.6548
prod_4,2025-07-23 22:33:27,"{'device': 'xla', 'lr': 0.01, 'model': 'resnet18'}",16,0.0112,2.4293,0.6737
prod_4,2025-07-23 22:33:27,"{'device': 'xla', 'lr': 0.01, 'model': 'resnet18'}",17,0.0070,2.3727,0.6818
prod_4,2025-07-23 22:33:27,"{'device': 'xla', 'lr': 0.01, 'model': 'resnet18'}",18,0.0042,2.3387,0.6843
prod_4,2025-07-23 22:33:27,"{'device': 'xla', 'lr': 0.01, 'model': 'resnet18'}",19,0.0031,2.3320,0.6881
prod_4,2025-07-23 22:33:27,"{'device': 'xla', 'lr': 0.01, 'model': 'resnet18'}",20,0.0021,2.3220,0.6893
prod_4,2025-07-23 22:33:27,"{'device': 'xla', 'lr': 0.01, 'model': 'resnet18'}",21,0.0018,2.3123,0.6901
prod_4,2025-07-23 22:33:27,"{'device': 'xla', 'lr': 0.01, 'model': 'resnet18'}",22,0.0015,2.3174,0.6901
prod_4,2025-07-23 22:33:27,"{'device': 'xla', 'lr': 0.01, 'model': 'resnet18'}",23,0.0014,2.3126,0.6902
prod_4,2025-07-23 22:33:27,"{'device': 'xla', 'lr': 0.01, 'model': 'resnet18'}",24,0.0013,2.3153,0.6899
prod_4,2025-07-23 22:33:27,"{'device': 'xla', 'lr': 0.01, 'model': 'resnet18'}",25,0.0013,2.3163,0.6905
prod_5,2025-07-23 23:17:56,"{'device': 'xla', 'lr': 0.01, 'model': 'resnet18'}",1,9.7035,10.4778,0.0052
prod_5,2025-07-23 23:17:56,"{'device': 'xla', 'lr': 0.01, 'model': 'resnet18'}",2,8.5139,9.3476,0.0313
prod_5,2025-07-23 23:17:56,"{'device': 'xla', 'lr': 0.01, 'model': 'resnet18'}",3,5.7233,8.0734,0.0565
prod_5,2025-07-23 23:17:56,"{'device': 'xla', 'lr': 0.01, 'model': 'resnet18'}",4,3.8021,7.2981,0.0827
prod_5,2025-07-23 23:17:56,"{'device': 'xla', 'lr': 0.01, 'model': 'resnet18'}",5,2.9157,7.0665,0.0935
prod_5,2025-07-23 23:17:56,"{'device': 'xla', 'lr': 0.01, 'model': 'resnet18'}",6,4.1675,8.0318,0.0960
prod_5,2025-07-23 23:17:56,"{'device': 'xla', 'lr': 0.01, 'model': 'resnet18'}",7,2.6093,3.9612,0.3564
prod_5,2025-07-23 23:17:56,"{'device': 'xla', 'lr': 0.01, 'model': 'resnet18'}",8,1.1460,3.5617,0.4321
prod_5,2025-07-23 23:17:56,"{'device': 'xla', 'lr': 0.01, 'model': 'resnet18'}",9,0.5829,3.1506,0.4968
prod_5,2025-07-23 23:17:56,"{'device': 'xla', 'lr': 0.01, 'model': 'resnet18'}",10,0.3097,3.0708,0.5395
prod_5,2025-07-23 23:17:56,"{'device': 'xla', 'lr': 0.01, 'model': 'resnet18'}",11,0.1691,3.0617,0.5526
prod_5,2025-07-23 23:17:56,"{'device': 'xla', 'lr': 0.01, 'model': 'resnet18'}",12,0.0983,2.8114,0.6070
prod_5,2025-07-23 23:17:56,"{'device': 'xla', 'lr': 0.01, 'model': 'resnet18'}",13,0.0566,2.6093,0.6395
prod_5,2025-07-23 23:17:56,"{'device': 'xla', 'lr': 0.01, 'model': 'resnet18'}",14,0.0326,2.5000,0.6623
prod_5,2025-07-23 23:17:56,"{'device': 'xla', 'lr': 0.01, 'model': 'resnet18'}",15,0.0201,2.3765,0.6779
prod_5,2025-07-23 23:17:56,"{'device': 'xla', 'lr': 0.01, 'model': 'resnet18'}",16,0.0119,2.3120,0.6895
prod_5,2025-07-23 23:17:56,"{'device': 'xla', 'lr': 0.01, 'model': 'resnet18'}",17,0.0070,2.2120,0.7004
prod_5,2025-07-23 23:17:56,"{'device': 'xla', 'lr': 0.01, 'model': 'resnet18'}",18,0.0043,2.1977,0.7028
prod_5,2025-07-23 23:17:56,"{'device': 'xla', 'lr': 0.01, 'model': 'resnet18'}",19,0.0031,2.1719,0.7068
prod_5,2025-07-23 23:17:56,"{'device': 'xla', 'lr': 0.01, 'model': 'resnet18'}",20,0.0021,2.1716,0.7079
prod_5,2025-07-23 23:17:56,"{'device': 'xla', 'lr': 0.01, 'model': 'resnet18'}",21,0.0017,2.1559,0.7095
prod_5,2025-07-23 23:17:56,"{'device': 'xla', 'lr': 0.01, 'model': 'resnet18'}",22,0.0015,2.1581,0.7095
prod_5,2025-07-23 23:17:56,"{'device': 'xla', 'lr': 0.01, 'model': 'resnet18'}",23,0.0014,2.1554,0.7098
prod_5,2025-07-23 23:17:56,"{'device': 'xla', 'lr': 0.01, 'model': 'resnet18'}",24,0.0013,2.1541,0.7096
prod_5,2025-07-23 23:17:56,"{'device': 'xla', 'lr': 0.01, 'model': 'resnet18'}",25,0.0012,2.1551,0.7096
prod_6,2025-07-24 00:05:26,"{'device': 'xla', 'lr': 0.01, 'model': 'resnet18'}",1,9.7387,10.2975,0.0053
prod_6,2025-07-24 00:05:26,"{'device': 'xla', 'lr': 0.01, 'model': 'resnet18'}",2,8.5852,9.4264,0.0280
prod_6,2025-07-24 00:05:26,"{'device': 'xla', 'lr': 0.01, 'model': 'resnet18'}",3,5.8647,8.2952,0.0487
prod_6,2025-07-24 00:05:26,"{'device': 'xla', 'lr': 0.01, 'model': 'resnet18'}",4,3.9345,7.5257,0.0703
prod_6,2025-07-24 00:05:26,"{'device': 'xla', 'lr': 0.01, 'model': 'resnet18'}",5,3.0395,7.3010,0.0829
prod_6,2025-07-24 00:05:26,"{'device': 'xla', 'lr': 0.01, 'model': 'resnet18'}",6,4.4280,7.5729,0.1178
prod_6,2025-07-24 00:05:26,"{'device': 'xla', 'lr': 0.01, 'model': 'resnet18'}",7,2.8526,4.8545,0.2692
prod_6,2025-07-24 00:05:26,"{'device': 'xla', 'lr': 0.01, 'model': 'resnet18'}",8,1.2843,3.9446,0.3765
prod_6,2025-07-24 00:05:26,"{'device': 'xla', 'lr': 0.01, 'model': 'resnet18'}",9,0.6444,3.6715,0.4484
prod_6,2025-07-24 00:05:26,"{'device': 'xla', 'lr': 0.01, 'model': 'resnet18'}",10,0.3356,3.1191,0.5289
prod_6,2025-07-24 00:05:26,"{'device': 'xla', 'lr': 0.01, 'model': 'resnet18'}",11,0.1785,3.0345,0.5698
prod_6,2025-07-24 00:05:26,"{'device': 'xla', 'lr': 0.01, 'model': 'resnet18'}",12,0.0964,2.8468,0.5959
prod_6,2025-07-24 00:05:26,"{'device': 'xla', 'lr': 0.01, 'model': 'resnet18'}",13,0.0534,2.7427,0.6158
prod_6,2025-07-24 00:05:26,"{'device': 'xla', 'lr': 0.01, 'model': 'resnet18'}",14,0.0314,2.5339,0.6503
prod_6,2025-07-24 00:05:26,"{'device': 'xla', 'lr': 0.01, 'model': 'resnet18'}",15,0.0192,2.4226,0.6722
prod_6,2025-07-24 00:05:26,"{'device': 'xla', 'lr': 0.01, 'model': 'resnet18'}",16,0.0115,2.4003,0.6775
prod_6,2025-07-24 00:05:26,"{'device': 'xla', 'lr': 0.01, 'model': 'resnet18'}",17,0.0065,2.3070,0.6887
prod_6,2025-07-24 00:05:26,"{'device': 'xla', 'lr': 0.01, 'model': 'resnet18'}",18,0.0041,2.2771,0.6926
prod_6,2025-07-24 00:05:26,"{'device': 'xla', 'lr': 0.01, 'model': 'resnet18'}",19,0.0029,2.2800,0.6947
prod_6,2025-07-24 00:05:26,"{'device': 'xla', 'lr': 0.01, 'model': 'resnet18'}",20,0.0022,2.2682,0.6958
prod_6,2025-07-24 00:05:26,"{'device': 'xla', 'lr': 0.01, 'model': 'resnet18'}",21,0.0018,2.2563,0.6968
prod_6,2025-07-24 00:05:26,"{'device': 'xla', 'lr': 0.01, 'model': 'resnet18'}",22,0.0015,2.2596,0.6970
prod_6,2025-07-24 00:05:26,"{'device': 'xla', 'lr': 0.01, 'model': 'resnet18'}",23,0.0014,2.2605,0.6968
prod_6,2025-07-24 00:05:26,"{'device': 'xla', 'lr': 0.01, 'model': 'resnet18'}",24,0.0013,2.2605,0.6967
prod_6,2025-07-24 00:05:26,"{'device': 'xla', 'lr': 0.01, 'model': 'resnet18'}",25,0.0013,2.2592,0.6967
prod_7,2025-07-24 00:53:54,"{'device': 'xla', 'lr': 0.01, 'model': 'resnet18'}",1,9.7197,10.1014,0.0053
prod_7,2025-07-24 00:53:54,"{'device': 'xla', 'lr': 0.01, 'model': 'resnet18'}",2,8.5326,9.3635,0.0296
prod_7,2025-07-24 00:53:54,"{'device': 'xla', 'lr': 0.01, 'model': 'resnet18'}",3,5.8046,8.2273,0.0494
prod_7,2025-07-24 00:53:54,"{'device': 'xla', 'lr': 0.01, 'model': 'resnet18'}",4,3.8772,7.4784,0.0725
prod_7,2025-07-24 00:53:54,"{'device': 'xla', 'lr': 0.01, 'model': 'resnet18'}",5,2.9811,7.2487,0.0843
prod_7,2025-07-24 00:53:54,"{'device': 'xla', 'lr': 0.01, 'model': 'resnet18'}",6,4.3977,8.2786,0.0964
prod_7,2025-07-24 00:53:54,"{'device': 'xla', 'lr': 0.01, 'model': 'resnet18'}",7,2.8730,4.0369,0.3433
prod_7,2025-07-24 00:53:54,"{'device': 'xla', 'lr': 0.01, 'model': 'resnet18'}",8,1.3002,3.6419,0.4240
prod_7,2025-07-24 00:53:54,"{'device': 'xla', 'lr': 0.01, 'model': 'resnet18'}",9,0.6596,3.2004,0.4848
prod_7,2025-07-24 00:53:54,"{'device': 'xla', 'lr': 0.01, 'model': 'resnet18'}",10,0.3356,3.3315,0.5073
prod_7,2025-07-24 00:53:54,"{'device': 'xla', 'lr': 0.01, 'model': 'resnet18'}",11,0.1843,3.0475,0.5641
prod_7,2025-07-24 00:53:54,"{'device': 'xla', 'lr': 0.01, 'model': 'resnet18'}",12,0.1022,2.9600,0.5802
prod_7,2025-07-24 00:53:54,"{'device': 'xla', 'lr': 0.01, 'model': 'resnet18'}",13,0.0562,2.6893,0.6160
prod_7,2025-07-24 00:53:54,"{'device': 'xla', 'lr': 0.01, 'model': 'resnet18'}",14,0.0317,2.6064,0.6375
prod_7,2025-07-24 00:53:54,"{'device': 'xla', 'lr': 0.01, 'model': 'resnet18'}",15,0.0193,2.4838,0.6628
prod_7,2025-07-24 00:53:54,"{'device': 'xla', 'lr': 0.01, 'model': 'resnet18'}",16,0.0113,2.4591,0.6732
prod_7,2025-07-24 00:53:54,"{'device': 'xla', 'lr': 0.01, 'model': 'resnet18'}",17,0.0067,2.3415,0.6827
prod_7,2025-07-24 00:53:54,"{'device': 'xla', 'lr': 0.01, 'model': 'resnet18'}",18,0.0042,2.3100,0.6883
prod_7,2025-07-24 00:53:54,"{'device': 'xla', 'lr': 0.01, 'model': 'resnet18'}",19,0.0029,2.2889,0.6908
prod_7,2025-07-24 00:53:54,"{'device': 'xla', 'lr': 0.01, 'model': 'resnet18'}",20,0.0021,2.2843,0.6919
prod_7,2025-07-24 00:53:54,"{'device': 'xla', 'lr': 0.01, 'model': 'resnet18'}",21,0.0018,2.2834,0.6932
prod_7,2025-07-24 00:53:54,"{'device': 'xla', 'lr': 0.01, 'model': 'resnet18'}",22,0.0015,2.2838,0.6928
prod_7,2025-07-24 00:53:54,"{'device': 'xla', 'lr': 0.01, 'model': 'resnet18'}",23,0.0014,2.2824,0.6929
prod_7,2025-07-24 00:53:54,"{'device': 'xla', 'lr': 0.01, 'model': 'resnet18'}",24,0.0013,2.2828,0.6930
prod_7,2025-07-24 00:53:54,"{'device': 'xla', 'lr': 0.01, 'model': 'resnet18'}",25,0.0013,2.2820,0.6930
prod_8,2025-07-24 01:43:08,"{'device': 'xla', 'lr': 0.01, 'model': 'resnet18'}",1,9.7264,10.3527,0.0044
prod_8,2025-07-24 01:43:08,"{'device': 'xla', 'lr': 0.01, 'model': 'resnet18'}",2,8.6607,9.4168,0.0237
prod_8,2025-07-24 01:43:08,"{'device': 'xla', 'lr': 0.01, 'model': 'resnet18'}",3,5.9572,8.3471,0.0446
prod_8,2025-07-24 01:43:08,"{'device': 'xla', 'lr': 0.01, 'model': 'resnet18'}",4,4.0207,7.5329,0.0676
prod_8,2025-07-24 01:43:08,"{'device': 'xla', 'lr': 0.01, 'model': 'resnet18'}",5,3.1089,7.3287,0.0782
prod_8,2025-07-24 01:43:08,"{'device': 'xla', 'lr': 0.01, 'model': 'resnet18'}",6,4.4220,7.5029,0.1134
prod_8,2025-07-24 01:43:08,"{'device': 'xla', 'lr': 0.01, 'model': 'resnet18'}",7,2.8627,4.4139,0.3100
prod_8,2025-07-24 01:43:08,"{'device': 'xla', 'lr': 0.01, 'model': 'resnet18'}",8,1.3082,4.0806,0.3857
prod_8,2025-07-24 01:43:08,"{'device': 'xla', 'lr': 0.01, 'model': 'resnet18'}",9,0.6693,3.2267,0.4845
prod_8,2025-07-24 01:43:08,"{'device': 'xla', 'lr': 0.01, 'model': 'resnet18'}",10,0.3460,3.2247,0.5015
prod_8,2025-07-24 01:43:08,"{'device': 'xla', 'lr': 0.01, 'model': 'resnet18'}",11,0.1848,3.1201,0.5412
prod_8,2025-07-24 01:43:08,"{'device': 'xla', 'lr': 0.01, 'model': 'resnet18'}",12,0.1032,3.0285,0.5843
prod_8,2025-07-24 01:43:08,"{'device': 'xla', 'lr': 0.01, 'model': 'resnet18'}",13,0.0567,2.7239,0.6199
prod_8,2025-07-24 01:43:08,"{'device': 'xla', 'lr': 0.01, 'model': 'resnet18'}",14,0.0339,2.6486,0.6325
prod_8,2025-07-24 01:43:08,"{'device': 'xla', 'lr': 0.01, 'model': 'resnet18'}",15,0.0199,2.5356,0.6562
prod_8,2025-07-24 01:43:08,"{'device': 'xla', 'lr': 0.01, 'model': 'resnet18'}",16,0.0117,2.4972,0.6698
prod_8,2025-07-24 01:43:08,"{'device': 'xla', 'lr': 0.01, 'model': 'resnet18'}",17,0.0069,2.3857,0.6806
prod_8,2025-07-24 01:43:08,"{'device': 'xla', 'lr': 0.01, 'model': 'resnet18'}",18,0.0040,2.3217,0.6878
prod_8,2025-07-24 01:43:08,"{'device': 'xla', 'lr': 0.01, 'model': 'resnet18'}",19,0.0028,2.3097,0.6886
prod_8,2025-07-24 01:43:08,"{'device': 'xla', 'lr': 0.01, 'model': 'resnet18'}",20,0.0022,2.3079,0.6899
prod_8,2025-07-24 01:43:08,"{'device': 'xla', 'lr': 0.01, 'model': 'resnet18'}",21,0.0018,2.3002,0.6900
prod_8,2025-07-24 01:43:08,"{'device': 'xla', 'lr': 0.01, 'model': 'resnet18'}",22,0.0015,2.2999,0.6900
prod_8,2025-07-24 01:43:08,"{'device': 'xla', 'lr': 0.01, 'model': 'resnet18'}",23,0.0014,2.3012,0.6900
prod_8,2025-07-24 01:43:08,"{'device': 'xla', 'lr': 0.01, 'model': 'resnet18'}",24,0.0013,2.2989,0.6904
prod_8,2025-07-24 01:43:08,"{'device': 'xla', 'lr': 0.01, 'model': 'resnet18'}",25,0.0013,2.3000,0.6904
prod_9,2025-07-24 02:29:31,"{'device': 'xla', 'lr': 0.01, 'model': 'resnet18'}",1,9.7842,10.2311,0.0045
prod_9,2025-07-24 02:29:31,"{'device': 'xla', 'lr': 0.01, 'model': 'resnet18'}",2,8.7842,9.4270,0.0279
prod_9,2025-07-24 02:29:31,"{'device': 'xla', 'lr': 0.01, 'model': 'resnet18'}",3,6.0460,8.3925,0.0435
prod_9,2025-07-24 02:29:31,"{'device': 'xla', 'lr': 0.01, 'model': 'resnet18'}",4,4.0805,7.5998,0.0648
prod_9,2025-07-24 02:29:31,"{'device': 'xla', 'lr': 0.01, 'model': 'resnet18'}",5,3.1582,7.3666,0.0753
prod_9,2025-07-24 02:29:31,"{'device': 'xla', 'lr': 0.01, 'model': 'resnet18'}",6,4.5025,8.2983,0.0869
prod_9,2025-07-24 02:29:31,"{'device': 'xla', 'lr': 0.01, 'model': 'resnet18'}",7,2.9219,4.1501,0.3436
prod_9,2025-07-24 02:29:31,"{'device': 'xla', 'lr': 0.01, 'model': 'resnet18'}",8,1.3203,3.4830,0.4417
prod_9,2025-07-24 02:29:31,"{'device': 'xla', 'lr': 0.01, 'model': 'resnet18'}",9,0.6633,3.7609,0.4390
prod_9,2025-07-24 02:29:31,"{'device': 'xla', 'lr': 0.01, 'model': 'resnet18'}",10,0.3442,3.1519,0.5293
prod_9,2025-07-24 02:29:31,"{'device': 'xla', 'lr': 0.01, 'model': 'resnet18'}",11,0.1753,3.0278,0.5624
prod_9,2025-07-24 02:29:31,"{'device': 'xla', 'lr': 0.01, 'model': 'resnet18'}",12,0.1014,2.8188,0.5864
prod_9,2025-07-24 02:29:31,"{'device': 'xla', 'lr': 0.01, 'model': 'resnet18'}",13,0.0541,2.8369,0.6045
prod_9,2025-07-24 02:29:31,"{'device': 'xla', 'lr': 0.01, 'model': 'resnet18'}",14,0.0327,2.5850,0.6364
prod_9,2025-07-24 02:29:31,"{'device': 'xla', 'lr': 0.01, 'model': 'resnet18'}",15,0.0199,2.5073,0.6578
prod_9,2025-07-24 02:29:31,"{'device': 'xla', 'lr': 0.01, 'model': 'resnet18'}",16,0.0115,2.4486,0.6726
prod_9,2025-07-24 02:29:31,"{'device': 'xla', 'lr': 0.01, 'model': 'resnet18'}",17,0.0072,2.3350,0.6825
prod_9,2025-07-24 02:29:31,"{'device': 'xla', 'lr': 0.01, 'model': 'resnet18'}",18,0.0043,2.3222,0.6896
prod_9,2025-07-24 02:29:31,"{'device': 'xla', 'lr': 0.01, 'model': 'resnet18'}",19,0.0029,2.2706,0.6922
prod_9,2025-07-24 02:29:31,"{'device': 'xla', 'lr': 0.01, 'model': 'resnet18'}",20,0.0022,2.2701,0.6920
prod_9,2025-07-24 02:29:31,"{'device': 'xla', 'lr': 0.01, 'model': 'resnet18'}",21,0.0018,2.2641,0.6933
prod_9,2025-07-24 02:29:31,"{'device': 'xla', 'lr': 0.01, 'model': 'resnet18'}",22,0.0015,2.2636,0.6933
prod_9,2025-07-24 02:29:31,"{'device': 'xla', 'lr': 0.01, 'model': 'resnet18'}",23,0.0014,2.2648,0.6933
prod_9,2025-07-24 02:29:31,"{'device': 'xla', 'lr': 0.01, 'model': 'resnet18'}",24,0.0013,2.2654,0.6935
prod_9,2025-07-24 02:29:31,"{'device': 'xla', 'lr': 0.01, 'model': 'resnet18'}",25,0.0012,2.2652,0.6934
prod_10,2025-07-24 03:16:50,"{'device': 'xla', 'lr': 0.01, 'model': 'resnet18'}",1,9.7104,10.1922,0.0054
prod_10,2025-07-24 03:16:50,"{'device': 'xla', 'lr': 0.01, 'model': 'resnet18'}",2,8.6121,9.4941,0.0241
prod_10,2025-07-24 03:16:50,"{'device': 'xla', 'lr': 0.01, 'model': 'resnet18'}",3,5.9255,8.3216,0.0453
prod_10,2025-07-24 03:16:50,"{'device': 'xla', 'lr': 0.01, 'model': 'resnet18'}",4,3.9777,7.6187,0.0647
prod_10,2025-07-24 03:16:50,"{'device': 'xla', 'lr': 0.01, 'model': 'resnet18'}",5,3.0827,7.3925,0.0748
prod_10,2025-07-24 03:16:50,"{'device': 'xla', 'lr': 0.01, 'model': 'resnet18'}",6,4.5250,7.4298,0.0975
prod_10,2025-07-24 03:16:50,"{'device': 'xla', 'lr': 0.01, 'model': 'resnet18'}",7,2.9750,3.9578,0.3442
prod_10,2025-07-24 03:16:50,"{'device': 'xla', 'lr': 0.01, 'model': 'resnet18'}",8,1.3658,3.6685,0.4135
prod_10,2025-07-24 03:16:50,"{'device': 'xla', 'lr': 0.01, 'model': 'resnet18'}",9,0.6945,3.5218,0.4423
prod_10,2025-07-24 03:16:50,"{'device': 'xla', 'lr': 0.01, 'model': 'resnet18'}",10,0.3515,3.4494,0.4728
prod_10,2025-07-24 03:16:50,"{'device': 'xla', 'lr': 0.01, 'model': 'resnet18'}",11,0.1903,3.2795,0.5381
prod_10,2025-07-24 03:16:50,"{'device': 'xla', 'lr': 0.01, 'model': 'resnet18'}",12,0.1071,2.9808,0.5811
prod_10,2025-07-24 03:16:50,"{'device': 'xla', 'lr': 0.01, 'model': 'resnet18'}",13,0.0598,2.9070,0.6027
prod_10,2025-07-24 03:16:50,"{'device': 'xla', 'lr': 0.01, 'model': 'resnet18'}",14,0.0352,2.7209,0.6254
prod_10,2025-07-24 03:16:50,"{'device': 'xla', 'lr': 0.01, 'model': 'resnet18'}",15,0.0200,2.7128,0.6441
prod_10,2025-07-24 03:16:50,"{'device': 'xla', 'lr': 0.01, 'model': 'resnet18'}",16,0.0114,2.4883,0.6688
prod_10,2025-07-24 03:16:50,"{'device': 'xla', 'lr': 0.01, 'model': 'resnet18'}",17,0.0075,2.4497,0.6793
prod_10,2025-07-24 03:16:50,"{'device': 'xla', 'lr': 0.01, 'model': 'resnet18'}",18,0.0046,2.3860,0.6799
prod_10,2025-07-24 03:16:50,"{'device': 'xla', 'lr': 0.01, 'model': 'resnet18'}",19,0.0029,2.3663,0.6830
prod_10,2025-07-24 03:16:50,"{'device': 'xla', 'lr': 0.01, 'model': 'resnet18'}",20,0.0023,2.3499,0.6849
prod_10,2025-07-24 03:16:50,"{'device': 'xla', 'lr': 0.01, 'model': 'resnet18'}",21,0.0018,2.3461,0.6855
prod_10,2025-07-24 03:16:50,"{'device': 'xla', 'lr': 0.01, 'model': 'resnet18'}",22,0.0015,2.3449,0.6856
prod_10,2025-07-24 03:16:50,"{'device': 'xla', 'lr': 0.01, 'model': 'resnet18'}",23,0.0014,2.3464,0.6852
prod_10,2025-07-24 03:16:50,"{'device': 'xla', 'lr': 0.01, 'model': 'resnet18'}",24,0.0013,2.3447,0.6853
prod_10,2025-07-24 03:16:50,"{'device': 'xla', 'lr': 0.01, 'model': 'resnet18'}",25,0.0013,2.3449,0.6855
prod_42,2025-07-22 17:21:49,"{'device': 'cuda', 'lr': 0.01, 'model': 'resnet18'}",1,9.6542,10.0473,0.0067
prod_42,2025-07-22 17:21:49,"{'device': 'cuda', 'lr': 0.01, 'model': 'resnet18'}",2,8.3727,9.2215,0.0306
prod_42,2025-07-22 17:21:49,"{'device': 'cuda', 'lr': 0.01, 'model': 'resnet18'}",3,5.6631,8.0869,0.0556
prod_42,2025-07-22 17:21:49,"{'device': 'cuda', 'lr': 0.01, 'model': 'resnet18'}",4,3.7458,7.3340,0.0798
prod_42,2025-07-22 17:21:49,"{'device': 'cuda', 'lr': 0.01, 'model': 'resnet18'}",5,2.8791,7.1324,0.0902
prod_42,2025-07-22 17:21:49,"{'device': 'cuda', 'lr': 0.01, 'model': 'resnet18'}",6,4.3352,7.1312,0.1209
prod_42,2025-07-22 17:21:49,"{'device': 'cuda', 'lr': 0.01, 'model': 'resnet18'}",7,2.8668,4.7687,0.2676
prod_42,2025-07-22 17:21:49,"{'device': 'cuda', 'lr': 0.01, 'model': 'resnet18'}",8,1.3244,3.7040,0.4034
prod_42,2025-07-22 17:21:49,"{'device': 'cuda', 'lr': 0.01, 'model': 'resnet18'}",9,0.6862,3.4833,0.4617
prod_42,2025-07-22 17:21:49,"{'device': 'cuda', 'lr': 0.01, 'model': 'resnet18'}",10,0.3500,3.1717,0.5167
prod_42,2025-07-22 17:21:49,"{'device': 'cuda', 'lr': 0.01, 'model': 'resnet18'}",11,0.1828,3.0556,0.5543
prod_42,2025-07-22 17:21:49,"{'device': 'cuda', 'lr': 0.01, 'model': 'resnet18'}",12,0.1046,2.9778,0.5755
prod_42,2025-07-22 17:21:49,"{'device': 'cuda', 'lr': 0.01, 'model': 'resnet18'}",13,0.0574,2.7065,0.6210
prod_42,2025-07-22 17:21:49,"{'device': 'cuda', 'lr': 0.01, 'model': 'resnet18'}",14,0.0320,2.7503,0.6459
prod_42,2025-07-22 17:21:49,"{'device': 'cuda', 'lr': 0.01, 'model': 'resnet18'}",15,0.0189,2.4892,0.6651
prod_42,2025-07-22 17:21:49,"{'device': 'cuda', 'lr': 0.01, 'model': 'resnet18'}",16,0.0107,2.4916,0.6741
prod_42,2025-07-22 17:21:49,"{'device': 'cuda', 'lr': 0.01, 'model': 'resnet18'}",17,0.0065,2.3881,0.6812
prod_42,2025-07-22 17:21:49,"{'device': 'cuda', 'lr': 0.01, 'model': 'resnet18'}",18,0.0044,2.3785,0.6844
prod_42,2025-07-22 17:21:49,"{'device': 'cuda', 'lr': 0.01, 'model': 'resnet18'}",19,0.0030,2.3277,0.6891
prod_42,2025-07-22 17:21:49,"{'device': 'cuda', 'lr': 0.01, 'model': 'resnet18'}",20,0.0021,2.3255,0.6907
prod_42,2025-07-22 17:21:49,"{'device': 'cuda', 'lr': 0.01, 'model': 'resnet18'}",21,0.0018,2.3180,0.6916
prod_42,2025-07-22 17:21:49,"{'device': 'cuda', 'lr': 0.01, 'model': 'resnet18'}",22,0.0015,2.3156,0.6914
prod_42,2025-07-22 17:21:49,"{'device': 'cuda', 'lr': 0.01, 'model': 'resnet18'}",23,0.0014,2.3177,0.6918
prod_42,2025-07-22 17:21:49,"{'device': 'cuda', 'lr': 0.01, 'model': 'resnet18'}",24,0.0013,2.3158,0.6917
prod_42,2025-07-22 17:21:49,"{'device': 'cuda', 'lr': 0.01, 'model': 'resnet18'}",25,0.0013,2.3163,0.6917
prod_42,2025-07-22 18:26:35,"{'device': 'cuda', 'lr': 0.01, 'model': 'resnet18'}",1,9.6542,10.0473,0.0067
prod_42,2025-07-22 18:26:35,"{'device': 'cuda', 'lr': 0.01, 'model': 'resnet18'}",2,8.3727,9.2215,0.0306
prod_42,2025-07-22 18:26:35,"{'device': 'cuda', 'lr': 0.01, 'model': 'resnet18'}",3,5.6631,8.0869,0.0556
prod_42,2025-07-22 18:26:35,"{'device': 'cuda', 'lr': 0.01, 'model': 'resnet18'}",4,3.7458,7.3340,0.0798
prod_42,2025-07-22 18:26:35,"{'device': 'cuda', 'lr': 0.01, 'model': 'resnet18'}",5,2.8791,7.1324,0.0902
prod_42,2025-07-22 18:26:35,"{'device': 'cuda', 'lr': 0.01, 'model': 'resnet18'}",6,4.3366,7.7417,0.0815
prod_42,2025-07-22 18:26:35,"{'device': 'cuda', 'lr': 0.01, 'model': 'resnet18'}",7,2.8554,4.5470,0.2979
prod_42,2025-07-22 18:26:35,"{'device': 'cuda', 'lr': 0.01, 'model': 'resnet18'}",8,1.3289,3.6283,0.4132
prod_42,2025-07-22 18:26:35,"{'device': 'cuda', 'lr': 0.01, 'model': 'resnet18'}",9,0.6798,3.3292,0.4766
prod_42,2025-07-22 18:26:35,"{'device': 'cuda', 'lr': 0.01, 'model': 'resnet18'}",10,0.3461,3.6939,0.4672
prod_42,2025-07-22 18:26:35,"{'device': 'cuda', 'lr': 0.01, 'model': 'resnet18'}",11,0.1908,3.5434,0.5141
prod_42,2025-07-22 18:26:35,"{'device': 'cuda', 'lr': 0.01, 'model': 'resnet18'}",12,0.1086,2.8930,0.5895
prod_42,2025-07-22 18:26:35,"{'device': 'cuda', 'lr': 0.01, 'model': 'resnet18'}",13,0.0566,2.7392,0.6183
prod_42,2025-07-22 18:26:35,"{'device': 'cuda', 'lr': 0.01, 'model': 'resnet18'}",14,0.0308,2.7376,0.6406
prod_42,2025-07-22 18:26:35,"{'device': 'cuda', 'lr': 0.01, 'model': 'resnet18'}",15,0.0179,2.4831,0.6642
prod_42,2025-07-22 18:26:35,"{'device': 'cuda', 'lr': 0.01, 'model': 'resnet18'}",16,0.0114,2.4775,0.6738
prod_42,2025-07-22 18:26:35,"{'device': 'cuda', 'lr': 0.01, 'model': 'resnet18'}",17,0.0063,2.3862,0.6824
prod_42,2025-07-22 18:26:35,"{'device': 'cuda', 'lr': 0.01, 'model': 'resnet18'}",18,0.0043,2.3690,0.6866
prod_42,2025-07-22 18:26:35,"{'device': 'cuda', 'lr': 0.01, 'model': 'resnet18'}",19,0.0029,2.3281,0.6888
prod_42,2025-07-22 18:26:35,"{'device': 'cuda', 'lr': 0.01, 'model': 'resnet18'}",20,0.0021,2.3202,0.6907
prod_42,2025-07-22 18:26:35,"{'device': 'cuda', 'lr': 0.01, 'model': 'resnet18'}",21,0.0018,2.3164,0.6906
prod_42,2025-07-22 18:26:35,"{'device': 'cuda', 'lr': 0.01, 'model': 'resnet18'}",22,0.0015,2.3144,0.6912
prod_42,2025-07-22 18:26:35,"{'device': 'cuda', 'lr': 0.01, 'model': 'resnet18'}",23,0.0014,2.3159,0.6907
prod_42,2025-07-22 18:26:35,"{'device': 'cuda', 'lr': 0.01, 'model': 'resnet18'}",24,0.0013,2.3153,0.6907
prod_42,2025-07-22 18:26:35,"{'device': 'cuda', 'lr': 0.01, 'model': 'resnet18'}",25,0.0013,2.3153,0.6912
prod_0,2025-07-22 19:30:47,"{'device': 'cuda', 'lr': 0.01, 'model': 'resnet18'}",1,9.6717,10.3248,0.0062
prod_0,2025-07-22 19:30:47,"{'device': 'cuda', 'lr': 0.01, 'model': 'resnet18'}",2,8.3916,9.2942,0.0332
prod_0,2025-07-22 19:30:47,"{'device': 'cuda', 'lr': 0.01, 'model': 'resnet18'}",3,5.6858,8.0167,0.0594
prod_0,2025-07-22 19:30:47,"{'device': 'cuda', 'lr': 0.01, 'model': 'resnet18'}",4,3.7706,7.3171,0.0825
prod_0,2025-07-22 19:30:47,"{'device': 'cuda', 'lr': 0.01, 'model': 'resnet18'}",5,2.8933,7.0907,0.0937
prod_0,2025-07-22 19:30:47,"{'device': 'cuda', 'lr': 0.01, 'model': 'resnet18'}",6,4.2500,7.5630,0.1137
prod_0,2025-07-22 19:30:47,"{'device': 'cuda', 'lr': 0.01, 'model': 'resnet18'}",7,2.7794,3.8135,0.3787
prod_0,2025-07-22 19:30:47,"{'device': 'cuda', 'lr': 0.01, 'model': 'resnet18'}",8,1.2693,3.5414,0.4220
prod_0,2025-07-22 19:30:47,"{'device': 'cuda', 'lr': 0.01, 'model': 'resnet18'}",9,0.6451,3.5865,0.4509
prod_0,2025-07-22 19:30:47,"{'device': 'cuda', 'lr': 0.01, 'model': 'resnet18'}",10,0.3379,3.6658,0.4728
prod_0,2025-07-22 19:30:47,"{'device': 'cuda', 'lr': 0.01, 'model': 'resnet18'}",11,0.1875,3.2021,0.5353
prod_0,2025-07-22 19:30:47,"{'device': 'cuda', 'lr': 0.01, 'model': 'resnet18'}",12,0.1045,2.9939,0.5727
prod_0,2025-07-22 19:30:47,"{'device': 'cuda', 'lr': 0.01, 'model': 'resnet18'}",13,0.0569,2.7899,0.6089
prod_0,2025-07-22 19:30:47,"{'device': 'cuda', 'lr': 0.01, 'model': 'resnet18'}",14,0.0325,2.6751,0.6389
prod_0,2025-07-22 19:30:47,"{'device': 'cuda', 'lr': 0.01, 'model': 'resnet18'}",15,0.0209,2.4601,0.6661
prod_0,2025-07-22 19:30:47,"{'device': 'cuda', 'lr': 0.01, 'model': 'resnet18'}",16,0.0123,2.4513,0.6737
prod_0,2025-07-22 19:30:47,"{'device': 'cuda', 'lr': 0.01, 'model': 'resnet18'}",17,0.0069,2.3906,0.6825
prod_0,2025-07-22 19:30:47,"{'device': 'cuda', 'lr': 0.01, 'model': 'resnet18'}",18,0.0044,2.3378,0.6875
prod_0,2025-07-22 19:30:47,"{'device': 'cuda', 'lr': 0.01, 'model': 'resnet18'}",19,0.0032,2.3178,0.6907
prod_0,2025-07-22 19:30:47,"{'device': 'cuda', 'lr': 0.01, 'model': 'resnet18'}",20,0.0023,2.3021,0.6933
prod_0,2025-07-22 19:30:47,"{'device': 'cuda', 'lr': 0.01, 'model': 'resnet18'}",21,0.0018,2.2978,0.6933
prod_0,2025-07-22 19:30:47,"{'device': 'cuda', 'lr': 0.01, 'model': 'resnet18'}",22,0.0016,2.2960,0.6939
prod_0,2025-07-22 19:30:47,"{'device': 'cuda', 'lr': 0.01, 'model': 'resnet18'}",23,0.0014,2.2948,0.6937
prod_0,2025-07-22 19:30:47,"{'device': 'cuda', 'lr': 0.01, 'model': 'resnet18'}",24,0.0013,2.2960,0.6939
prod_0,2025-07-22 19:30:47,"{'device': 'cuda', 'lr': 0.01, 'model': 'resnet18'}",25,0.0013,2.2963,0.6939
prod_1,2025-07-22 20:35:16,"{'device': 'cuda', 'lr': 0.01, 'model': 'resnet18'}",1,9.7459,10.0820,0.0051
prod_1,2025-07-22 20:35:16,"{'device': 'cuda', 'lr': 0.01, 'model': 'resnet18'}",2,8.6217,9.5234,0.0236
prod_1,2025-07-22 20:35:16,"{'device': 'cuda', 'lr': 0.01, 'model': 'resnet18'}",3,5.9105,8.2903,0.0496
prod_1,2025-07-22 20:35:16,"{'device': 'cuda', 'lr': 0.01, 'model': 'resnet18'}",4,3.9561,7.5173,0.0712
prod_1,2025-07-22 20:35:16,"{'device': 'cuda', 'lr': 0.01, 'model': 'resnet18'}",5,3.0502,7.2934,0.0830
prod_1,2025-07-22 20:35:16,"{'device': 'cuda', 'lr': 0.01, 'model': 'resnet18'}",6,4.4189,8.0070,0.0864
prod_1,2025-07-22 20:35:16,"{'device': 'cuda', 'lr': 0.01, 'model': 'resnet18'}",7,2.8656,4.2602,0.3313
prod_1,2025-07-22 20:35:16,"{'device': 'cuda', 'lr': 0.01, 'model': 'resnet18'}",8,1.3173,3.4834,0.4255
prod_1,2025-07-22 20:35:16,"{'device': 'cuda', 'lr': 0.01, 'model': 'resnet18'}",9,0.6643,3.3318,0.4901
prod_1,2025-07-22 20:35:16,"{'device': 'cuda', 'lr': 0.01, 'model': 'resnet18'}",10,0.3497,3.1691,0.5242
prod_1,2025-07-22 20:35:16,"{'device': 'cuda', 'lr': 0.01, 'model': 'resnet18'}",11,0.1885,3.2169,0.5324
prod_1,2025-07-22 20:35:16,"{'device': 'cuda', 'lr': 0.01, 'model': 'resnet18'}",12,0.0941,2.9547,0.5824
prod_1,2025-07-22 20:35:16,"{'device': 'cuda', 'lr': 0.01, 'model': 'resnet18'}",13,0.0539,2.7342,0.6194
prod_1,2025-07-22 20:35:16,"{'device': 'cuda', 'lr': 0.01, 'model': 'resnet18'}",14,0.0324,2.5903,0.6447
prod_1,2025-07-22 20:35:16,"{'device': 'cuda', 'lr': 0.01, 'model': 'resnet18'}",15,0.0182,2.4640,0.6690
prod_1,2025-07-22 20:35:16,"{'device': 'cuda', 'lr': 0.01, 'model': 'resnet18'}",16,0.0107,2.4051,0.6762
prod_1,2025-07-22 20:35:16,"{'device': 'cuda', 'lr': 0.01, 'model': 'resnet18'}",17,0.0064,2.3777,0.6837
prod_1,2025-07-22 20:35:16,"{'device': 'cuda', 'lr': 0.01, 'model': 'resnet18'}",18,0.0041,2.3566,0.6866
prod_1,2025-07-22 20:35:16,"{'device': 'cuda', 'lr': 0.01, 'model': 'resnet18'}",19,0.0029,2.3099,0.6892
prod_1,2025-07-22 20:35:16,"{'device': 'cuda', 'lr': 0.01, 'model': 'resnet18'}",20,0.0021,2.3059,0.6904
prod_1,2025-07-22 20:35:16,"{'device': 'cuda', 'lr': 0.01, 'model': 'resnet18'}",21,0.0018,2.3074,0.6912
prod_1,2025-07-22 20:35:16,"{'device': 'cuda', 'lr': 0.01, 'model': 'resnet18'}",22,0.0015,2.3068,0.6910
prod_1,2025-07-22 20:35:16,"{'device': 'cuda', 'lr': 0.01, 'model': 'resnet18'}",23,0.0014,2.3046,0.6913
prod_1,2025-07-22 20:35:16,"{'device': 'cuda', 'lr': 0.01, 'model': 'resnet18'}",24,0.0013,2.3066,0.6914
prod_1,2025-07-22 20:35:16,"{'device': 'cuda', 'lr': 0.01, 'model': 'resnet18'}",25,0.0013,2.3071,0.6915
prod_2,2025-07-22 21:39:49,"{'device': 'cuda', 'lr': 0.01, 'model': 'resnet18'}",1,9.7441,10.1267,0.0058
prod_2,2025-07-22 21:39:49,"{'device': 'cuda', 'lr': 0.01, 'model': 'resnet18'}",2,8.6096,9.3048,0.0290
prod_2,2025-07-22 21:39:49,"{'device': 'cuda', 'lr': 0.01, 'model': 'resnet18'}",3,5.8616,8.3153,0.0496
prod_2,2025-07-22 21:39:49,"{'device': 'cuda', 'lr': 0.01, 'model': 'resnet18'}",4,3.9288,7.5465,0.0695
prod_2,2025-07-22 21:39:49,"{'device': 'cuda', 'lr': 0.01, 'model': 'resnet18'}",5,3.0229,7.3157,0.0813
prod_2,2025-07-22 21:39:49,"{'device': 'cuda', 'lr': 0.01, 'model': 'resnet18'}",6,4.4051,7.9010,0.0868
prod_2,2025-07-22 21:39:49,"{'device': 'cuda', 'lr': 0.01, 'model': 'resnet18'}",7,2.8810,4.2906,0.3052
prod_2,2025-07-22 21:39:49,"{'device': 'cuda', 'lr': 0.01, 'model': 'resnet18'}",8,1.3269,3.8271,0.4001
prod_2,2025-07-22 21:39:49,"{'device': 'cuda', 'lr': 0.01, 'model': 'resnet18'}",9,0.6718,3.5807,0.4670
prod_2,2025-07-22 21:39:49,"{'device': 'cuda', 'lr': 0.01, 'model': 'resnet18'}",10,0.3466,3.2800,0.5112
prod_2,2025-07-22 21:39:49,"{'device': 'cuda', 'lr': 0.01, 'model': 'resnet18'}",11,0.1843,3.1679,0.5445
prod_2,2025-07-22 21:39:49,"{'device': 'cuda', 'lr': 0.01, 'model': 'resnet18'}",12,0.1020,2.9406,0.5806
prod_2,2025-07-22 21:39:49,"{'device': 'cuda', 'lr': 0.01, 'model': 'resnet18'}",13,0.0578,2.8941,0.6048
prod_2,2025-07-22 21:39:49,"{'device': 'cuda', 'lr': 0.01, 'model': 'resnet18'}",14,0.0330,2.6156,0.6378
prod_2,2025-07-22 21:39:49,"{'device': 'cuda', 'lr': 0.01, 'model': 'resnet18'}",15,0.0210,2.4866,0.6568
prod_2,2025-07-22 21:39:49,"{'device': 'cuda', 'lr': 0.01, 'model': 'resnet18'}",16,0.0117,2.4732,0.6746
prod_2,2025-07-22 21:39:49,"{'device': 'cuda', 'lr': 0.01, 'model': 'resnet18'}",17,0.0075,2.4180,0.6799
prod_2,2025-07-22 21:39:49,"{'device': 'cuda', 'lr': 0.01, 'model': 'resnet18'}",18,0.0042,2.3547,0.6863
prod_2,2025-07-22 21:39:49,"{'device': 'cuda', 'lr': 0.01, 'model': 'resnet18'}",19,0.0031,2.3363,0.6898
prod_2,2025-07-22 21:39:49,"{'device': 'cuda', 'lr': 0.01, 'model': 'resnet18'}",20,0.0021,2.3256,0.6906
prod_2,2025-07-22 21:39:49,"{'device': 'cuda', 'lr': 0.01, 'model': 'resnet18'}",21,0.0018,2.3245,0.6910
prod_2,2025-07-22 21:39:49,"{'device': 'cuda', 'lr': 0.01, 'model': 'resnet18'}",22,0.0015,2.3221,0.6915
prod_2,2025-07-22 21:39:49,"{'device': 'cuda', 'lr': 0.01, 'model': 'resnet18'}",23,0.0014,2.3227,0.6918
prod_2,2025-07-22 21:39:49,"{'device': 'cuda', 'lr': 0.01, 'model': 'resnet18'}",24,0.0013,2.3239,0.6916
prod_2,2025-07-22 21:39:49,"{'device': 'cuda', 'lr': 0.01, 'model': 'resnet18'}",25,0.0013,2.3225,0.6916
prod_3,2025-07-22 22:44:23,"{'device': 'cuda', 'lr': 0.01, 'model': 'resnet18'}",1,9.6950,10.2905,0.0037
prod_3,2025-07-22 22:44:23,"{'device': 'cuda', 'lr': 0.01, 'model': 'resnet18'}",2,8.5995,9.2744,0.0286
prod_3,2025-07-22 22:44:23,"{'device': 'cuda', 'lr': 0.01, 'model': 'resnet18'}",3,5.8820,8.1372,0.0533
prod_3,2025-07-22 22:44:23,"{'device': 'cuda', 'lr': 0.01, 'model': 'resnet18'}",4,3.9294,7.3891,0.0751
prod_3,2025-07-22 22:44:23,"{'device': 'cuda', 'lr': 0.01, 'model': 'resnet18'}",5,3.0217,7.1581,0.0865
prod_3,2025-07-22 22:44:23,"{'device': 'cuda', 'lr': 0.01, 'model': 'resnet18'}",6,4.3362,8.1763,0.1039
prod_3,2025-07-22 22:44:23,"{'device': 'cuda', 'lr': 0.01, 'model': 'resnet18'}",7,2.7803,4.2176,0.3330
prod_3,2025-07-22 22:44:23,"{'device': 'cuda', 'lr': 0.01, 'model': 'resnet18'}",8,1.2587,3.3023,0.4688
prod_3,2025-07-22 22:44:23,"{'device': 'cuda', 'lr': 0.01, 'model': 'resnet18'}",9,0.6464,3.2584,0.4989
prod_3,2025-07-22 22:44:23,"{'device': 'cuda', 'lr': 0.01, 'model': 'resnet18'}",10,0.3411,3.0883,0.5357
prod_3,2025-07-22 22:44:23,"{'device': 'cuda', 'lr': 0.01, 'model': 'resnet18'}",11,0.1803,3.1886,0.5296
prod_3,2025-07-22 22:44:23,"{'device': 'cuda', 'lr': 0.01, 'model': 'resnet18'}",12,0.1055,2.9635,0.5775
prod_3,2025-07-22 22:44:23,"{'device': 'cuda', 'lr': 0.01, 'model': 'resnet18'}",13,0.0547,2.7245,0.6281
prod_3,2025-07-22 22:44:23,"{'device': 'cuda', 'lr': 0.01, 'model': 'resnet18'}",14,0.0310,2.5746,0.6533
prod_3,2025-07-22 22:44:23,"{'device': 'cuda', 'lr': 0.01, 'model': 'resnet18'}",15,0.0192,2.4626,0.6688
prod_3,2025-07-22 22:44:23,"{'device': 'cuda', 'lr': 0.01, 'model': 'resnet18'}",16,0.0118,2.3608,0.6851
prod_3,2025-07-22 22:44:23,"{'device': 'cuda', 'lr': 0.01, 'model': 'resnet18'}",17,0.0066,2.2929,0.6932
prod_3,2025-07-22 22:44:23,"{'device': 'cuda', 'lr': 0.01, 'model': 'resnet18'}",18,0.0041,2.2667,0.6973
prod_3,2025-07-22 22:44:23,"{'device': 'cuda', 'lr': 0.01, 'model': 'resnet18'}",19,0.0028,2.2329,0.7004
prod_3,2025-07-22 22:44:23,"{'device': 'cuda', 'lr': 0.01, 'model': 'resnet18'}",20,0.0021,2.2266,0.7011
prod_3,2025-07-22 22:44:23,"{'device': 'cuda', 'lr': 0.01, 'model': 'resnet18'}",21,0.0018,2.2262,0.7016
prod_3,2025-07-22 22:44:23,"{'device': 'cuda', 'lr': 0.01, 'model': 'resnet18'}",22,0.0015,2.2257,0.7016
prod_3,2025-07-22 22:44:23,"{'device': 'cuda', 'lr': 0.01, 'model': 'resnet18'}",23,0.0014,2.2242,0.7017
prod_3,2025-07-22 22:44:23,"{'device': 'cuda', 'lr': 0.01, 'model': 'resnet18'}",24,0.0013,2.2243,0.7017
prod_3,2025-07-22 22:44:23,"{'device': 'cuda', 'lr': 0.01, 'model': 'resnet18'}",25,0.0012,2.2247,0.7017
prod_3,2025-07-23 17:53:59,"{'device': 'cuda', 'lr': 0.01, 'model': 'resnet18'}",1,9.6950,10.2905,0.0037
prod_3,2025-07-23 17:53:59,"{'device': 'cuda', 'lr': 0.01, 'model': 'resnet18'}",2,8.5995,9.2744,0.0286
prod_3,2025-07-23 17:53:59,"{'device': 'cuda', 'lr': 0.01, 'model': 'resnet18'}",3,5.8820,8.1372,0.0533
prod_3,2025-07-23 17:53:59,"{'device': 'cuda', 'lr': 0.01, 'model': 'resnet18'}",4,3.9294,7.3891,0.0751
prod_3,2025-07-23 17:53:59,"{'device': 'cuda', 'lr': 0.01, 'model': 'resnet18'}",5,3.0217,7.1581,0.0865
prod_3,2025-07-23 17:53:59,"{'device': 'cuda', 'lr': 0.01, 'model': 'resnet18'}",6,4.3388,7.2887,0.1230
prod_3,2025-07-23 17:53:59,"{'device': 'cuda', 'lr': 0.01, 'model': 'resnet18'}",7,2.7716,4.4582,0.3089
prod_3,2025-07-23 17:53:59,"{'device': 'cuda', 'lr': 0.01, 'model': 'resnet18'}",8,1.2665,3.6590,0.4251
prod_3,2025-07-23 17:53:59,"{'device': 'cuda', 'lr': 0.01, 'model': 'resnet18'}",9,0.6376,3.2361,0.4949
prod_3,2025-07-23 17:53:59,"{'device': 'cuda', 'lr': 0.01, 'model': 'resnet18'}",10,0.3336,3.1985,0.5166
prod_3,2025-07-23 17:53:59,"{'device': 'cuda', 'lr': 0.01, 'model': 'resnet18'}",11,0.1817,3.2011,0.5478
prod_3,2025-07-23 17:53:59,"{'device': 'cuda', 'lr': 0.01, 'model': 'resnet18'}",12,0.1022,2.8399,0.5970
prod_3,2025-07-23 17:53:59,"{'device': 'cuda', 'lr': 0.01, 'model': 'resnet18'}",13,0.0570,2.7577,0.6236
prod_3,2025-07-23 17:53:59,"{'device': 'cuda', 'lr': 0.01, 'model': 'resnet18'}",14,0.0312,2.5655,0.6512
prod_3,2025-07-23 17:53:59,"{'device': 'cuda', 'lr': 0.01, 'model': 'resnet18'}",15,0.0191,2.4548,0.6727
prod_3,2025-07-23 17:53:59,"{'device': 'cuda', 'lr': 0.01, 'model': 'resnet18'}",16,0.0115,2.3642,0.6849
prod_3,2025-07-23 17:53:59,"{'device': 'cuda', 'lr': 0.01, 'model': 'resnet18'}",17,0.0061,2.3001,0.6944
prod_3,2025-07-23 17:53:59,"{'device': 'cuda', 'lr': 0.01, 'model': 'resnet18'}",18,0.0041,2.2634,0.6973
prod_3,2025-07-23 17:53:59,"{'device': 'cuda', 'lr': 0.01, 'model': 'resnet18'}",19,0.0027,2.2390,0.7010
prod_3,2025-07-23 17:53:59,"{'device': 'cuda', 'lr': 0.01, 'model': 'resnet18'}",20,0.0021,2.2315,0.7017
prod_3,2025-07-23 17:53:59,"{'device': 'cuda', 'lr': 0.01, 'model': 'resnet18'}",21,0.0017,2.2342,0.7011
prod_3,2025-07-23 17:53:59,"{'device': 'cuda', 'lr': 0.01, 'model': 'resnet18'}",22,0.0015,2.2320,0.7011
prod_3,2025-07-23 17:53:59,"{'device': 'cuda', 'lr': 0.01, 'model': 'resnet18'}",23,0.0014,2.2323,0.7010
prod_3,2025-07-23 17:53:59,"{'device': 'cuda', 'lr': 0.01, 'model': 'resnet18'}",24,0.0013,2.2311,0.7010
prod_3,2025-07-23 17:53:59,"{'device': 'cuda', 'lr': 0.01, 'model': 'resnet18'}",25,0.0012,2.2318,0.7010
prod_4,2025-07-23 19:00:07,"{'device': 'cuda', 'lr': 0.01, 'model': 'resnet18'}",1,9.7508,10.2634,0.0066
prod_4,2025-07-23 19:00:07,"{'device': 'cuda', 'lr': 0.01, 'model': 'resnet18'}",2,8.6139,9.4232,0.0271
prod_4,2025-07-23 19:00:07,"{'device': 'cuda', 'lr': 0.01, 'model': 'resnet18'}",3,5.8768,8.2407,0.0504
prod_4,2025-07-23 19:00:07,"{'device': 'cuda', 'lr': 0.01, 'model': 'resnet18'}",4,3.9346,7.4628,0.0725
prod_4,2025-07-23 19:00:07,"{'device': 'cuda', 'lr': 0.01, 'model': 'resnet18'}",5,3.0393,7.2467,0.0829
prod_4,2025-07-23 19:00:07,"{'device': 'cuda', 'lr': 0.01, 'model': 'resnet18'}",6,4.3844,6.6828,0.1349
prod_4,2025-07-23 19:00:07,"{'device': 'cuda', 'lr': 0.01, 'model': 'resnet18'}",7,2.8362,4.1505,0.3453
prod_4,2025-07-23 19:00:07,"{'device': 'cuda', 'lr': 0.01, 'model': 'resnet18'}",8,1.2874,3.4518,0.4480
prod_4,2025-07-23 19:00:07,"{'device': 'cuda', 'lr': 0.01, 'model': 'resnet18'}",9,0.6520,3.2992,0.4854
prod_4,2025-07-23 19:00:07,"{'device': 'cuda', 'lr': 0.01, 'model': 'resnet18'}",10,0.3445,3.2690,0.5116
prod_4,2025-07-23 19:00:07,"{'device': 'cuda', 'lr': 0.01, 'model': 'resnet18'}",11,0.1899,3.1111,0.5396
prod_4,2025-07-23 19:00:07,"{'device': 'cuda', 'lr': 0.01, 'model': 'resnet18'}",12,0.1031,3.0337,0.5763
prod_4,2025-07-23 19:00:07,"{'device': 'cuda', 'lr': 0.01, 'model': 'resnet18'}",13,0.0578,2.7554,0.6164
prod_4,2025-07-23 19:00:07,"{'device': 'cuda', 'lr': 0.01, 'model': 'resnet18'}",14,0.0336,2.6535,0.6423
prod_4,2025-07-23 19:00:07,"{'device': 'cuda', 'lr': 0.01, 'model': 'resnet18'}",15,0.0189,2.4479,0.6661
prod_4,2025-07-23 19:00:07,"{'device': 'cuda', 'lr': 0.01, 'model': 'resnet18'}",16,0.0111,2.3834,0.6826
prod_4,2025-07-23 19:00:07,"{'device': 'cuda', 'lr': 0.01, 'model': 'resnet18'}",17,0.0071,2.3396,0.6866
prod_4,2025-07-23 19:00:07,"{'device': 'cuda', 'lr': 0.01, 'model': 'resnet18'}",18,0.0040,2.2946,0.6928
prod_4,2025-07-23 19:00:07,"{'device': 'cuda', 'lr': 0.01, 'model': 'resnet18'}",19,0.0031,2.2764,0.6944
prod_4,2025-07-23 19:00:07,"{'device': 'cuda', 'lr': 0.01, 'model': 'resnet18'}",20,0.0021,2.2693,0.6943
prod_4,2025-07-23 19:00:07,"{'device': 'cuda', 'lr': 0.01, 'model': 'resnet18'}",21,0.0018,2.2629,0.6951
prod_4,2025-07-23 19:00:07,"{'device': 'cuda', 'lr': 0.01, 'model': 'resnet18'}",22,0.0015,2.2674,0.6951
prod_4,2025-07-23 19:00:07,"{'device': 'cuda', 'lr': 0.01, 'model': 'resnet18'}",23,0.0014,2.2623,0.6951
prod_4,2025-07-23 19:00:07,"{'device': 'cuda', 'lr': 0.01, 'model': 'resnet18'}",24,0.0013,2.2641,0.6950
prod_4,2025-07-23 19:00:07,"{'device': 'cuda', 'lr': 0.01, 'model': 'resnet18'}",25,0.0013,2.2644,0.6951
prod_5,2025-07-23 20:04:29,"{'device': 'cuda', 'lr': 0.01, 'model': 'resnet18'}",1,9.6698,10.0126,0.0071
prod_5,2025-07-23 20:04:29,"{'device': 'cuda', 'lr': 0.01, 'model': 'resnet18'}",2,8.3778,9.0986,0.0336
prod_5,2025-07-23 20:04:29,"{'device': 'cuda', 'lr': 0.01, 'model': 'resnet18'}",3,5.5878,7.9432,0.0584
prod_5,2025-07-23 20:04:29,"{'device': 'cuda', 'lr': 0.01, 'model': 'resnet18'}",4,3.6737,7.1620,0.0864
prod_5,2025-07-23 20:04:29,"{'device': 'cuda', 'lr': 0.01, 'model': 'resnet18'}",5,2.8047,6.9459,0.0998
prod_5,2025-07-23 20:04:29,"{'device': 'cuda', 'lr': 0.01, 'model': 'resnet18'}",6,4.0930,7.7443,0.1164
prod_5,2025-07-23 20:04:29,"{'device': 'cuda', 'lr': 0.01, 'model': 'resnet18'}",7,2.6134,4.3453,0.3396
prod_5,2025-07-23 20:04:29,"{'device': 'cuda', 'lr': 0.01, 'model': 'resnet18'}",8,1.1518,3.5205,0.4554
prod_5,2025-07-23 20:04:29,"{'device': 'cuda', 'lr': 0.01, 'model': 'resnet18'}",9,0.5805,3.6542,0.4486
prod_5,2025-07-23 20:04:29,"{'device': 'cuda', 'lr': 0.01, 'model': 'resnet18'}",10,0.3096,3.2762,0.5180
prod_5,2025-07-23 20:04:29,"{'device': 'cuda', 'lr': 0.01, 'model': 'resnet18'}",11,0.1642,3.2202,0.5346
prod_5,2025-07-23 20:04:29,"{'device': 'cuda', 'lr': 0.01, 'model': 'resnet18'}",12,0.0965,2.9814,0.5872
prod_5,2025-07-23 20:04:29,"{'device': 'cuda', 'lr': 0.01, 'model': 'resnet18'}",13,0.0569,2.6667,0.6210
prod_5,2025-07-23 20:04:29,"{'device': 'cuda', 'lr': 0.01, 'model': 'resnet18'}",14,0.0331,2.5151,0.6507
prod_5,2025-07-23 20:04:29,"{'device': 'cuda', 'lr': 0.01, 'model': 'resnet18'}",15,0.0196,2.4274,0.6784
prod_5,2025-07-23 20:04:29,"{'device': 'cuda', 'lr': 0.01, 'model': 'resnet18'}",16,0.0115,2.2831,0.6928
prod_5,2025-07-23 20:04:29,"{'device': 'cuda', 'lr': 0.01, 'model': 'resnet18'}",17,0.0064,2.2091,0.7013
prod_5,2025-07-23 20:04:29,"{'device': 'cuda', 'lr': 0.01, 'model': 'resnet18'}",18,0.0042,2.2075,0.7051
prod_5,2025-07-23 20:04:29,"{'device': 'cuda', 'lr': 0.01, 'model': 'resnet18'}",19,0.0030,2.1657,0.7080
prod_5,2025-07-23 20:04:29,"{'device': 'cuda', 'lr': 0.01, 'model': 'resnet18'}",20,0.0022,2.1630,0.7084
prod_5,2025-07-23 20:04:29,"{'device': 'cuda', 'lr': 0.01, 'model': 'resnet18'}",21,0.0017,2.1536,0.7093
prod_5,2025-07-23 20:04:29,"{'device': 'cuda', 'lr': 0.01, 'model': 'resnet18'}",22,0.0015,2.1537,0.7090
prod_5,2025-07-23 20:04:29,"{'device': 'cuda', 'lr': 0.01, 'model': 'resnet18'}",23,0.0014,2.1527,0.7092
prod_5,2025-07-23 20:04:29,"{'device': 'cuda', 'lr': 0.01, 'model': 'resnet18'}",24,0.0013,2.1526,0.7095
prod_5,2025-07-23 20:04:29,"{'device': 'cuda', 'lr': 0.01, 'model': 'resnet18'}",25,0.0012,2.1539,0.7092
prod_6,2025-07-23 21:08:57,"{'device': 'cuda', 'lr': 0.01, 'model': 'resnet18'}",1,9.7530,10.1933,0.0049
prod_6,2025-07-23 21:08:57,"{'device': 'cuda', 'lr': 0.01, 'model': 'resnet18'}",2,8.5972,9.3328,0.0282
prod_6,2025-07-23 21:08:57,"{'device': 'cuda', 'lr': 0.01, 'model': 'resnet18'}",3,5.8488,8.2205,0.0497
prod_6,2025-07-23 21:08:57,"{'device': 'cuda', 'lr': 0.01, 'model': 'resnet18'}",4,3.9170,7.4576,0.0720
prod_6,2025-07-23 21:08:57,"{'device': 'cuda', 'lr': 0.01, 'model': 'resnet18'}",5,3.0227,7.2329,0.0850
prod_6,2025-07-23 21:08:57,"{'device': 'cuda', 'lr': 0.01, 'model': 'resnet18'}",6,4.3762,7.6734,0.1203
prod_6,2025-07-23 21:08:57,"{'device': 'cuda', 'lr': 0.01, 'model': 'resnet18'}",7,2.8287,4.2945,0.3127
prod_6,2025-07-23 21:08:57,"{'device': 'cuda', 'lr': 0.01, 'model': 'resnet18'}",8,1.2932,3.5267,0.4293
prod_6,2025-07-23 21:08:57,"{'device': 'cuda', 'lr': 0.01, 'model': 'resnet18'}",9,0.6579,3.2675,0.4805
prod_6,2025-07-23 21:08:57,"{'device': 'cuda', 'lr': 0.01, 'model': 'resnet18'}",10,0.3380,3.4121,0.5048
prod_6,2025-07-23 21:08:57,"{'device': 'cuda', 'lr': 0.01, 'model': 'resnet18'}",11,0.1776,3.0612,0.5506
prod_6,2025-07-23 21:08:57,"{'device': 'cuda', 'lr': 0.01, 'model': 'resnet18'}",12,0.1032,2.8811,0.5791
prod_6,2025-07-23 21:08:57,"{'device': 'cuda', 'lr': 0.01, 'model': 'resnet18'}",13,0.0591,2.8349,0.6122
prod_6,2025-07-23 21:08:57,"{'device': 'cuda', 'lr': 0.01, 'model': 'resnet18'}",14,0.0358,2.6661,0.6341
prod_6,2025-07-23 21:08:57,"{'device': 'cuda', 'lr': 0.01, 'model': 'resnet18'}",15,0.0208,2.5014,0.6586
prod_6,2025-07-23 21:08:57,"{'device': 'cuda', 'lr': 0.01, 'model': 'resnet18'}",16,0.0121,2.4184,0.6751
prod_6,2025-07-23 21:08:57,"{'device': 'cuda', 'lr': 0.01, 'model': 'resnet18'}",17,0.0071,2.3533,0.6837
prod_6,2025-07-23 21:08:57,"{'device': 'cuda', 'lr': 0.01, 'model': 'resnet18'}",18,0.0043,2.3113,0.6901
prod_6,2025-07-23 21:08:57,"{'device': 'cuda', 'lr': 0.01, 'model': 'resnet18'}",19,0.0029,2.3057,0.6928
prod_6,2025-07-23 21:08:57,"{'device': 'cuda', 'lr': 0.01, 'model': 'resnet18'}",20,0.0022,2.2978,0.6935
prod_6,2025-07-23 21:08:57,"{'device': 'cuda', 'lr': 0.01, 'model': 'resnet18'}",21,0.0018,2.2888,0.6941
prod_6,2025-07-23 21:08:57,"{'device': 'cuda', 'lr': 0.01, 'model': 'resnet18'}",22,0.0015,2.2870,0.6940
prod_6,2025-07-23 21:08:57,"{'device': 'cuda', 'lr': 0.01, 'model': 'resnet18'}",23,0.0014,2.2887,0.6942
prod_6,2025-07-23 21:08:57,"{'device': 'cuda', 'lr': 0.01, 'model': 'resnet18'}",24,0.0013,2.2896,0.6942
prod_6,2025-07-23 21:08:57,"{'device': 'cuda', 'lr': 0.01, 'model': 'resnet18'}",25,0.0013,2.2867,0.6941
prod_7,2025-07-23 22:13:34,"{'device': 'cuda', 'lr': 0.01, 'model': 'resnet18'}",1,9.7270,10.3968,0.0041
prod_7,2025-07-23 22:13:34,"{'device': 'cuda', 'lr': 0.01, 'model': 'resnet18'}",2,8.5698,9.4626,0.0257
prod_7,2025-07-23 22:13:34,"{'device': 'cuda', 'lr': 0.01, 'model': 'resnet18'}",3,5.8728,8.3416,0.0465
prod_7,2025-07-23 22:13:34,"{'device': 'cuda', 'lr': 0.01, 'model': 'resnet18'}",4,3.9564,7.5717,0.0682
prod_7,2025-07-23 22:13:34,"{'device': 'cuda', 'lr': 0.01, 'model': 'resnet18'}",5,3.0554,7.3490,0.0785
prod_7,2025-07-23 22:13:34,"{'device': 'cuda', 'lr': 0.01, 'model': 'resnet18'}",6,4.5032,8.1540,0.0983
prod_7,2025-07-23 22:13:34,"{'device': 'cuda', 'lr': 0.01, 'model': 'resnet18'}",7,2.9826,4.2511,0.3151
prod_7,2025-07-23 22:13:34,"{'device': 'cuda', 'lr': 0.01, 'model': 'resnet18'}",8,1.3753,3.7457,0.4149
prod_7,2025-07-23 22:13:34,"{'device': 'cuda', 'lr': 0.01, 'model': 'resnet18'}",9,0.6983,3.3107,0.4833
prod_7,2025-07-23 22:13:34,"{'device': 'cuda', 'lr': 0.01, 'model': 'resnet18'}",10,0.3593,3.3986,0.4996
prod_7,2025-07-23 22:13:34,"{'device': 'cuda', 'lr': 0.01, 'model': 'resnet18'}",11,0.1862,3.1962,0.5312
prod_7,2025-07-23 22:13:34,"{'device': 'cuda', 'lr': 0.01, 'model': 'resnet18'}",12,0.1033,3.1421,0.5608
prod_7,2025-07-23 22:13:34,"{'device': 'cuda', 'lr': 0.01, 'model': 'resnet18'}",13,0.0606,2.8729,0.5963
prod_7,2025-07-23 22:13:34,"{'device': 'cuda', 'lr': 0.01, 'model': 'resnet18'}",14,0.0320,2.6765,0.6309
prod_7,2025-07-23 22:13:34,"{'device': 'cuda', 'lr': 0.01, 'model': 'resnet18'}",15,0.0196,2.5874,0.6522
prod_7,2025-07-23 22:13:34,"{'device': 'cuda', 'lr': 0.01, 'model': 'resnet18'}",16,0.0110,2.5032,0.6636
prod_7,2025-07-23 22:13:34,"{'device': 'cuda', 'lr': 0.01, 'model': 'resnet18'}",17,0.0065,2.4094,0.6724
prod_7,2025-07-23 22:13:34,"{'device': 'cuda', 'lr': 0.01, 'model': 'resnet18'}",18,0.0040,2.3921,0.6791
prod_7,2025-07-23 22:13:34,"{'device': 'cuda', 'lr': 0.01, 'model': 'resnet18'}",19,0.0029,2.3605,0.6814
prod_7,2025-07-23 22:13:34,"{'device': 'cuda', 'lr': 0.01, 'model': 'resnet18'}",20,0.0021,2.3631,0.6819
prod_7,2025-07-23 22:13:34,"{'device': 'cuda', 'lr': 0.01, 'model': 'resnet18'}",21,0.0018,2.3571,0.6833
prod_7,2025-07-23 22:13:34,"{'device': 'cuda', 'lr': 0.01, 'model': 'resnet18'}",22,0.0015,2.3568,0.6833
prod_7,2025-07-23 22:13:34,"{'device': 'cuda', 'lr': 0.01, 'model': 'resnet18'}",23,0.0014,2.3565,0.6832
prod_7,2025-07-23 22:13:34,"{'device': 'cuda', 'lr': 0.01, 'model': 'resnet18'}",24,0.0013,2.3575,0.6836
prod_7,2025-07-23 22:13:34,"{'device': 'cuda', 'lr': 0.01, 'model': 'resnet18'}",25,0.0013,2.3562,0.6834
prod_8,2025-07-23 23:18:08,"{'device': 'cuda', 'lr': 0.01, 'model': 'resnet18'}",1,9.7253,10.2937,0.0032
prod_8,2025-07-23 23:18:08,"{'device': 'cuda', 'lr': 0.01, 'model': 'resnet18'}",2,8.6406,9.3455,0.0267
prod_8,2025-07-23 23:18:08,"{'device': 'cuda', 'lr': 0.01, 'model': 'resnet18'}",3,5.9027,8.2509,0.0510
prod_8,2025-07-23 23:18:08,"{'device': 'cuda', 'lr': 0.01, 'model': 'resnet18'}",4,3.9751,7.4764,0.0714
prod_8,2025-07-23 23:18:08,"{'device': 'cuda', 'lr': 0.01, 'model': 'resnet18'}",5,3.0673,7.2646,0.0816
prod_8,2025-07-23 23:18:08,"{'device': 'cuda', 'lr': 0.01, 'model': 'resnet18'}",6,4.3840,8.4763,0.0569
prod_8,2025-07-23 23:18:08,"{'device': 'cuda', 'lr': 0.01, 'model': 'resnet18'}",7,2.8454,3.9753,0.3490
prod_8,2025-07-23 23:18:08,"{'device': 'cuda', 'lr': 0.01, 'model': 'resnet18'}",8,1.3090,3.6581,0.4249
prod_8,2025-07-23 23:18:08,"{'device': 'cuda', 'lr': 0.01, 'model': 'resnet18'}",9,0.6690,3.4375,0.4722
prod_8,2025-07-23 23:18:08,"{'device': 'cuda', 'lr': 0.01, 'model': 'resnet18'}",10,0.3412,3.4116,0.4872
prod_8,2025-07-23 23:18:08,"{'device': 'cuda', 'lr': 0.01, 'model': 'resnet18'}",11,0.1865,3.1704,0.5378
prod_8,2025-07-23 23:18:08,"{'device': 'cuda', 'lr': 0.01, 'model': 'resnet18'}",12,0.1030,2.8734,0.5844
prod_8,2025-07-23 23:18:08,"{'device': 'cuda', 'lr': 0.01, 'model': 'resnet18'}",13,0.0615,2.7448,0.6138
prod_8,2025-07-23 23:18:08,"{'device': 'cuda', 'lr': 0.01, 'model': 'resnet18'}",14,0.0345,2.6824,0.6285
prod_8,2025-07-23 23:18:08,"{'device': 'cuda', 'lr': 0.01, 'model': 'resnet18'}",15,0.0206,2.4804,0.6593
prod_8,2025-07-23 23:18:08,"{'device': 'cuda', 'lr': 0.01, 'model': 'resnet18'}",16,0.0119,2.4939,0.6731
prod_8,2025-07-23 23:18:08,"{'device': 'cuda', 'lr': 0.01, 'model': 'resnet18'}",17,0.0068,2.3761,0.6800
prod_8,2025-07-23 23:18:08,"{'device': 'cuda', 'lr': 0.01, 'model': 'resnet18'}",18,0.0044,2.3371,0.6884
prod_8,2025-07-23 23:18:08,"{'device': 'cuda', 'lr': 0.01, 'model': 'resnet18'}",19,0.0029,2.3251,0.6880
prod_8,2025-07-23 23:18:08,"{'device': 'cuda', 'lr': 0.01, 'model': 'resnet18'}",20,0.0023,2.3063,0.6904
prod_8,2025-07-23 23:18:08,"{'device': 'cuda', 'lr': 0.01, 'model': 'resnet18'}",21,0.0018,2.3013,0.6911
prod_8,2025-07-23 23:18:08,"{'device': 'cuda', 'lr': 0.01, 'model': 'resnet18'}",22,0.0015,2.3012,0.6912
prod_8,2025-07-23 23:18:08,"{'device': 'cuda', 'lr': 0.01, 'model': 'resnet18'}",23,0.0014,2.3034,0.6909
prod_8,2025-07-23 23:18:08,"{'device': 'cuda', 'lr': 0.01, 'model': 'resnet18'}",24,0.0013,2.3019,0.6915
prod_8,2025-07-23 23:18:08,"{'device': 'cuda', 'lr': 0.01, 'model': 'resnet18'}",25,0.0013,2.3019,0.6911
prod_9,2025-07-24 00:22:45,"{'device': 'cuda', 'lr': 0.01, 'model': 'resnet18'}",1,9.7537,10.2010,0.0038
prod_9,2025-07-24 00:22:45,"{'device': 'cuda', 'lr': 0.01, 'model': 'resnet18'}",2,8.6470,9.3740,0.0271
prod_9,2025-07-24 00:22:45,"{'device': 'cuda', 'lr': 0.01, 'model': 'resnet18'}",3,5.9050,8.2750,0.0499
prod_9,2025-07-24 00:22:45,"{'device': 'cuda', 'lr': 0.01, 'model': 'resnet18'}",4,3.9646,7.4511,0.0714
prod_9,2025-07-24 00:22:45,"{'device': 'cuda', 'lr': 0.01, 'model': 'resnet18'}",5,3.0579,7.2338,0.0829
prod_9,2025-07-24 00:22:45,"{'device': 'cuda', 'lr': 0.01, 'model': 'resnet18'}",6,4.4184,7.7007,0.0934
prod_9,2025-07-24 00:22:45,"{'device': 'cuda', 'lr': 0.01, 'model': 'resnet18'}",7,2.8754,4.1740,0.3331
prod_9,2025-07-24 00:22:45,"{'device': 'cuda', 'lr': 0.01, 'model': 'resnet18'}",8,1.3237,3.9407,0.3843
prod_9,2025-07-24 00:22:45,"{'device': 'cuda', 'lr': 0.01, 'model': 'resnet18'}",9,0.6708,3.4960,0.4579
prod_9,2025-07-24 00:22:45,"{'device': 'cuda', 'lr': 0.01, 'model': 'resnet18'}",10,0.3519,3.5811,0.4807
prod_9,2025-07-24 00:22:45,"{'device': 'cuda', 'lr': 0.01, 'model': 'resnet18'}",11,0.1862,3.2861,0.5322
prod_9,2025-07-24 00:22:45,"{'device': 'cuda', 'lr': 0.01, 'model': 'resnet18'}",12,0.1015,2.9753,0.5766
prod_9,2025-07-24 00:22:45,"{'device': 'cuda', 'lr': 0.01, 'model': 'resnet18'}",13,0.0559,2.8527,0.6027
prod_9,2025-07-24 00:22:45,"{'device': 'cuda', 'lr': 0.01, 'model': 'resnet18'}",14,0.0315,2.6548,0.6358
prod_9,2025-07-24 00:22:45,"{'device': 'cuda', 'lr': 0.01, 'model': 'resnet18'}",15,0.0191,2.5683,0.6563
prod_9,2025-07-24 00:22:45,"{'device': 'cuda', 'lr': 0.01, 'model': 'resnet18'}",16,0.0126,2.5051,0.6655
prod_9,2025-07-24 00:22:45,"{'device': 'cuda', 'lr': 0.01, 'model': 'resnet18'}",17,0.0071,2.3958,0.6801
prod_9,2025-07-24 00:22:45,"{'device': 'cuda', 'lr': 0.01, 'model': 'resnet18'}",18,0.0042,2.3709,0.6848
prod_9,2025-07-24 00:22:45,"{'device': 'cuda', 'lr': 0.01, 'model': 'resnet18'}",19,0.0029,2.3418,0.6869
prod_9,2025-07-24 00:22:45,"{'device': 'cuda', 'lr': 0.01, 'model': 'resnet18'}",20,0.0022,2.3325,0.6875
prod_9,2025-07-24 00:22:45,"{'device': 'cuda', 'lr': 0.01, 'model': 'resnet18'}",21,0.0018,2.3258,0.6878
prod_9,2025-07-24 00:22:45,"{'device': 'cuda', 'lr': 0.01, 'model': 'resnet18'}",22,0.0016,2.3258,0.6879
prod_9,2025-07-24 00:22:45,"{'device': 'cuda', 'lr': 0.01, 'model': 'resnet18'}",23,0.0014,2.3254,0.6881
prod_9,2025-07-24 00:22:45,"{'device': 'cuda', 'lr': 0.01, 'model': 'resnet18'}",24,0.0013,2.3265,0.6881
prod_9,2025-07-24 00:22:45,"{'device': 'cuda', 'lr': 0.01, 'model': 'resnet18'}",25,0.0013,2.3266,0.6878
prod_10,2025-07-24 01:27:05,"{'device': 'cuda', 'lr': 0.01, 'model': 'resnet18'}",1,9.6838,10.1489,0.0057
prod_10,2025-07-24 01:27:05,"{'device': 'cuda', 'lr': 0.01, 'model': 'resnet18'}",2,8.5656,9.4722,0.0262
prod_10,2025-07-24 01:27:05,"{'device': 'cuda', 'lr': 0.01, 'model': 'resnet18'}",3,5.8838,8.3007,0.0484
prod_10,2025-07-24 01:27:05,"{'device': 'cuda', 'lr': 0.01, 'model': 'resnet18'}",4,3.9392,7.5151,0.0689
prod_10,2025-07-24 01:27:05,"{'device': 'cuda', 'lr': 0.01, 'model': 'resnet18'}",5,3.0469,7.3003,0.0800
prod_10,2025-07-24 01:27:05,"{'device': 'cuda', 'lr': 0.01, 'model': 'resnet18'}",6,4.4776,7.5025,0.0840
prod_10,2025-07-24 01:27:05,"{'device': 'cuda', 'lr': 0.01, 'model': 'resnet18'}",7,2.9426,4.6674,0.2649
prod_10,2025-07-24 01:27:05,"{'device': 'cuda', 'lr': 0.01, 'model': 'resnet18'}",8,1.3365,3.4366,0.4282
prod_10,2025-07-24 01:27:05,"{'device': 'cuda', 'lr': 0.01, 'model': 'resnet18'}",9,0.6803,3.4095,0.4748
prod_10,2025-07-24 01:27:05,"{'device': 'cuda', 'lr': 0.01, 'model': 'resnet18'}",10,0.3535,3.5946,0.4905
prod_10,2025-07-24 01:27:05,"{'device': 'cuda', 'lr': 0.01, 'model': 'resnet18'}",11,0.1850,3.1734,0.5370
prod_10,2025-07-24 01:27:05,"{'device': 'cuda', 'lr': 0.01, 'model': 'resnet18'}",12,0.1041,2.9535,0.5794
prod_10,2025-07-24 01:27:05,"{'device': 'cuda', 'lr': 0.01, 'model': 'resnet18'}",13,0.0571,2.7315,0.6205
prod_10,2025-07-24 01:27:05,"{'device': 'cuda', 'lr': 0.01, 'model': 'resnet18'}",14,0.0319,2.6358,0.6368
prod_10,2025-07-24 01:27:05,"{'device': 'cuda', 'lr': 0.01, 'model': 'resnet18'}",15,0.0190,2.5458,0.6574
prod_10,2025-07-24 01:27:05,"{'device': 'cuda', 'lr': 0.01, 'model': 'resnet18'}",16,0.0118,2.4638,0.6672
prod_10,2025-07-24 01:27:05,"{'device': 'cuda', 'lr': 0.01, 'model': 'resnet18'}",17,0.0067,2.3834,0.6813
prod_10,2025-07-24 01:27:05,"{'device': 'cuda', 'lr': 0.01, 'model': 'resnet18'}",18,0.0043,2.3461,0.6845
prod_10,2025-07-24 01:27:05,"{'device': 'cuda', 'lr': 0.01, 'model': 'resnet18'}",19,0.0028,2.3323,0.6861
prod_10,2025-07-24 01:27:05,"{'device': 'cuda', 'lr': 0.01, 'model': 'resnet18'}",20,0.0022,2.3190,0.6874
prod_10,2025-07-24 01:27:05,"{'device': 'cuda', 'lr': 0.01, 'model': 'resnet18'}",21,0.0018,2.3190,0.6883
prod_10,2025-07-24 01:27:05,"{'device': 'cuda', 'lr': 0.01, 'model': 'resnet18'}",22,0.0015,2.3153,0.6883
prod_10,2025-07-24 01:27:05,"{'device': 'cuda', 'lr': 0.01, 'model': 'resnet18'}",23,0.0014,2.3181,0.6883
prod_10,2025-07-24 01:27:05,"{'device': 'cuda', 'lr': 0.01, 'model': 'resnet18'}",24,0.0013,2.3149,0.6884
prod_10,2025-07-24 01:27:05,"{'device': 'cuda', 'lr': 0.01, 'model': 'resnet18'}",25,0.0013,2.3161,0.6888
